"Run","Seed","BestYukawa2Cs2Ms6MB2","BestLoss","CoarseBestY","Alpha","GammaTotal","mPi","MEta","mRho","mOmega","mPhi","GammaRho","GammaOmega","GammaPhi","mKP","mN","g","zNS","zSmBm","PhiPdeg","PhiVdeg"
1,12346,0.00007951515151515151,1.5885154664604313,0.00007878787878787879,0.007297525671964907,1.2483802087658963e-6,0.1349769538434105,0.5478680129429994,0.7750320711444226,0.7826298545619806,1.0194649417761057,0.1502223130306462,0.008681154179396093,0.0042617823847317556,0.4936633409025727,0.9382720883407865,0.7105738318775309,0.827185290871785,0.6363742467602318,41.716233823699355,3.3034294489633296
2,12347,0.00009042424242424242,1.5581340333388178,0.0000909090909090909,0.007297525658077995,1.3307895475562333e-6,0.13497661064643987,0.5478431460984443,0.7752820712864578,0.7824972755692817,1.0194542440583787,0.1497936775907217,0.008731168744306825,0.004258259165160358,0.4936458639072513,0.9382720880221249,0.7182638387662469,0.781505433210454,0.6766873893203653,41.542342277867924,3.4260365650382676
3,12348,0.00008078787878787878,1.575224815170622,0.0000803030303030303,0.007297525705552024,1.2266109490513874e-6,0.13497557294277102,0.5478447844303052,0.775304922237914,0.7826489858785446,1.0194454856500985,0.1497864181593989,0.008767523438316932,0.004231888051263236,0.4936809477060065,0.9382720882665904,0.6959155907537472,0.8616319950096867,0.6579682205382529,41.905253171924066,3.359109809853837
4,12349,0.00006757575757575758,1.6481399667907821,0.00006818181818181818,0.007297525681173065,1.2642042354406993e-6,0.1349773013237347,0.5478447078134314,0.7749703815111819,0.782574476091314,1.0194634535882932,0.14859804646844307,0.008744532917983331,0.004254354275904692,0.4936904976287835,0.9382720877786367,0.7204539511113769,0.8396433294817497,0.6441466838790294,41.5030217321634,3.3611935338018424
5,12350,0.00008054545454545455,1.5444965321789597,0.0000803030303030303,0.007297525664248973,1.2920034080305793e-6,0.134976517242862,0.5478576974262225,0.7751584495288135,0.7825471408807673,1.0194540890574975,0.149236135537671,0.008795810708717924,0.00423837426732767,0.49365124750537065,0.9382720885823557,0.7107529388181432,0.8377570136543009,0.655166455622454,42.668826846586875,3.418549947298604
6,12351,0.00009963636363636365,1.5589381397675646,0.0001,0.007297525667716245,1.275760515974047e-6,0.13497652749091546,0.5478477475776252,0.775332217919759,0.7827088462228659,1.0194536792900974,0.1495906483953397,0.008634610795791482,0.004242911857629632,0.49370782665526497,0.9382720877021343,0.6794324896847199,0.831553322389736,0.6673703521877251,40.74244586084086,3.324917990482627
7,12352,0.00009393939393939393,1.5380567829254865,0.00009393939393939393,0.007297525691217491,1.360233748137995e-6,0.13497666825873889,0.5478432938701296,0.774886536589777,0.7826721036178117,1.019464809673484,0.14851332289360297,0.008832502719720628,0.004252824098630256,0.49365387317513454,0.9382720879967497,0.6900355308345547,0.8331979821173794,0.6366420683960449,41.712861602875094,3.3885023363083757
8,12353,0.00008763636363636364,1.560827860507111,0.00008787878787878787,0.0072975256877659544,1.266451646161737e-6,0.13497658451961525,0.5478703491658486,0.775399052231839,0.7826650244456592,1.019472152914873,0.1505804415245191,0.00864204416263368,0.004249601796036664,0.4936368156226859,0.9382720877401031,0.6979187706852119,0.8314500375879068,0.6498082014487269,41.635567073501115,3.2450269366233577
9,12354,0.00009054545454545455,1.572080759444479,0.0000909090909090909,0.007297525630130475,1.1982912192394387e-6,0.13497726115237468,0.5478729205415831,0.7747542672577624,0.7825952567752253,1.0194370186181425,0.1477122478146387,0.008327802504387293,0.004230431193151596,0.49366821108887315,0.9382720882705138,0.6954822922511574,0.8229485164335506,0.6543786653776217,41.17719484202813,3.2657983597793785
10,12355,0.00007715151515151516,1.5960232437006785,0.00007727272727272729,0.007297525654387566,1.312696540032813e-6,0.1349764787232724,0.5478626137383367,0.7756590357229892,0.7825403819431859,1.0194824372844735,0.148915896709379,0.008641323292622608,0.004246445495159035,0.4936892814022363,0.938272088478666,0.7108741641820727,0.8343293107692125,0.6497641093273567,41.71894149254865,3.2704695918903153
11,12356,0.00008696969696969696,1.585550845385536,0.00008636363636363636,0.007297525677533678,1.3388729853171255e-6,0.1349764823938687,0.5478570203357618,0.7748250640399772,0.7826460774266578,1.0194679282586863,0.1494219347612036,0.008542443068393829,0.004240629310596142,0.4936813612918922,0.9382720880221839,0.7051857203154089,0.8101639465108093,0.6320431818883925,41.15019349693334,3.2904915850947782
12,12357,0.00010254545454545455,1.5411838665458548,0.00010303030303030303,0.007297525646919715,1.292478391552499e-6,0.13497658757693307,0.5478717193629419,0.7751096795196504,0.782513267997086,1.0194658965907646,0.14810955093588232,0.008597526167508047,0.0042521981805212945,0.49367636418992594,0.9382720886555552,0.6974123508097861,0.7834179834919309,0.6756319654699763,40.962059564655526,3.1103253530072097
13,12358,0.0000826060606060606,1.5975504771845663,0.00008333333333333333,0.007297525648283063,1.2705845981580502e-6,0.13497624292208377,0.547846694892898,0.7749710668554449,0.7829415495943345,1.019461247176289,0.1501161800193317,0.008827052626669414,0.00424931552322041,0.49367211233148744,0.938272088166405,0.7085742235517711,0.8165904228959763,0.656872131589608,41.22788441329996,3.185182667584623
14,12359,0.00010393939393939393,1.5359969805803617,0.00010454545454545455,0.007297525663542482,1.280520199511731e-6,0.13497647321437153,0.547868437113558,0.7748916832010151,0.7827001127512462,1.0194728836428373,0.14839697485536646,0.008737271557207509,0.004243318062938917,0.49365705840216245,0.9382720881556247,0.6773540636599829,0.8262896509324389,0.6533943767597478,40.989996054196666,3.2990765499002728
15,12360,0.00008878787878787879,1.575445044888038,0.00008939393939393939,0.007297525680392847,1.3013470438325269e-6,0.13497743786231306,0.5478764070494784,0.7752560212491809,0.7827545861639821,1.019467739210465,0.1492759035905452,0.008636946180706146,0.004261903290711876,0.4936925926558508,0.9382720883821123,0.6957085426180283,0.8274130156525359,0.6458346617289791,41.189749333234644,3.242389897146647
16,12361,0.00009836363636363635,1.5453304344956578,0.00009848484848484848,0.007297525691643277,1.2654917504829828e-6,0.1349763959253128,0.547862278508865,0.7752045144571933,0.782635111784226,1.0194660650565963,0.15084496387136231,0.0087426644833458,0.004254987432605936,0.49368577143176934,0.9382720885430692,0.6876063241807014,0.8188097749207193,0.657762463900894,41.15949254247749,3.1715890773706383
17,12362,0.00008333333333333333,1.6447430457554542,0.00008333333333333333,0.007297525665587516,1.3088847568668603e-6,0.1349777375890352,0.5478727179382225,0.7756533662920411,0.782423016317467,1.0194359258451442,0.14954655494535443,0.008610799611696132,0.004256261700439758,0.4936976868155725,0.9382720879632804,0.7048582036621062,0.8111703933381414,0.6487915503015516,40.08762419584352,3.363415837203842
18,12363,0.00008206060606060606,1.618509501066388,0.00008181818181818182,0.0072975256502208945,1.3830607643946772e-6,0.1349774936014101,0.5478894399119806,0.7753537508709009,0.7826294778343462,1.0194651749483636,0.14926433373667838,0.00852935973038857,0.0042425655695958854,0.49366860619992087,0.9382720879947727,0.6845720339289227,0.8676809280317905,0.6377078787890379,40.758989878551475,3.1792009878915555
19,12364,0.00006715151515151515,1.6473124614010022,0.00006666666666666667,0.007297525678052421,1.3489744346441327e-6,0.13497715161304366,0.5478358533015697,0.77550668093138,0.7827113452707762,1.019461734866242,0.149332010504423,0.008885599046551961,0.004264598415513405,0.4936899899892971,0.9382720881805917,0.7262804668312893,0.8301094968165269,0.668003841464988,41.535932826707075,3.3446281525685686
20,12365,0.00009533333333333334,1.569953266329839,0.00009545454545454546,0.007297525638021045,1.3292288323534506e-6,0.13497651561388516,0.5478567984478854,0.7755240407784513,0.7826880333317265,1.019443798915941,0.14877158543934751,0.008816498461163873,0.004253602282512962,0.493656440300075,0.9382720884891341,0.6903932950419972,0.8193140434394828,0.6572645537759406,40.815958134640724,3.399899963787616
21,12366,0.00008575757575757576,1.564757465246847,0.00008636363636363636,0.007297525663088192,1.2236814367599828e-6,0.13497665301179326,0.5478759898598341,0.7749124471700181,0.78287894100852,1.0194400192785755,0.1477351458894209,0.008356565004198608,0.004233489719484373,0.4936630304358489,0.9382720883147416,0.6965157411397691,0.842612810716462,0.6508107431295426,41.72454523567635,3.4010768775982005
22,12367,0.00008230303030303031,1.6157515858240707,0.00008181818181818182,0.007297525681342057,1.2816718263101534e-6,0.13497609238590877,0.54785379551661,0.7753031528221153,0.7826182287185532,1.0194868613800994,0.14993949057196007,0.008672607201039706,0.004265358539708322,0.4936717775641606,0.9382720876468227,0.6956970251856222,0.8439764918629188,0.6542508536596471,40.84166917052846,3.3604205511386707
23,12368,0.0000676969696969697,1.6304470672955593,0.00006818181818181818,0.007297525653404863,1.2788653161780553e-6,0.13497631223941667,0.5478542392422447,0.775269012903955,0.7828571554966115,1.0194562029510585,0.14846493757536658,0.008636136353477016,0.004241774286313887,0.49367607713197764,0.9382720882247075,0.7190906718588052,0.8445805635379663,0.6320050721294295,41.83176686949824,3.1768483855042318
24,12369,0.00008206060606060606,1.60357050240171,0.00008181818181818182,0.007297525673542002,1.4340535171818897e-6,0.13497639306932593,0.5478666356886449,0.7756832822237388,0.7824959525090649,1.0194244082182369,0.14967349365171254,0.008601942178924075,0.004245742503687061,0.4936698356506433,0.9382720883605621,0.7024380459447483,0.8341130910705911,0.6598511317482776,41.1335402158426,3.4406965708089077
25,12370,0.00008296969696969697,1.5749080661966302,0.00008333333333333333,0.007297525643075292,1.3321749363109844e-6,0.13497722154661537,0.5478359580187914,0.7753049734737327,0.7827580631409439,1.0194305344889638,0.148514868468014,0.008776641233411887,0.004244827249541952,0.49367945675849534,0.9382720884592479,0.6961810015655537,0.8501833049925139,0.6248383413499291,41.709782347151126,3.3476766461228245
26,12371,0.00008915151515151516,1.6054516487315125,0.00008939393939393939,0.007297525669227191,1.2293203551840192e-6,0.13497663395227305,0.5478583771878054,0.774889265056634,0.7825538613370123,1.019457779576177,0.1497320145062832,0.008696719835056167,0.0042488028241371885,0.49366023818282445,0.9382720879843277,0.7047351838375762,0.7978167973917084,0.6424606511321995,40.524960517270834,3.20713632279766
27,12372,0.00008078787878787878,1.5575251874967875,0.0000803030303030303,0.007297525662892644,1.2508608042300894e-6,0.13497674990551925,0.5478705807155941,0.7752952263802584,0.7828424504329503,1.0195041706971075,0.14849195428388343,0.0084826863467908,0.004243315872966186,0.4936842142606626,0.938272087796948,0.7157847313599429,0.8200364393077099,0.6429655621859096,42.29884944662055,3.346508828452844
28,12373,0.0000927878787878788,1.5648332943763144,0.00009242424242424243,0.007297525654382621,1.3550543818255488e-6,0.1349769636513741,0.5478779217018476,0.7754695158000293,0.7826384116146633,1.0194841576780036,0.15008831453946567,0.00836010208319602,0.004231645218426468,0.4936652516311142,0.9382720877678244,0.7093216219995228,0.7882910651029243,0.6400782089997255,41.146384471475514,3.4770167708773676
29,12374,0.00007096969696969698,1.658647620517904,0.00007121212121212121,0.0072975256829503074,1.365927177615896e-6,0.1349766957775962,0.547883034121097,0.7750454554048152,0.7826048511316144,1.019463261976491,0.14947415381418477,0.008661746454264091,0.004260378919634429,0.49370271451674586,0.9382720884460526,0.7054710672513225,0.8549575102948791,0.6476396170877282,40.8984373558888,3.282983616417952
30,12375,0.00008381818181818181,1.6214810554137997,0.00008333333333333333,0.0072975256421014085,1.323991027270396e-6,0.13497587896168056,0.5478661956800901,0.775341438389432,0.7827848633635582,1.0194588528968789,0.1493613756081054,0.008825781019973432,0.004261314441942984,0.4937013084130791,0.9382720879686123,0.6908436122648318,0.8483630620242617,0.6492915495057415,40.56698895288044,3.444351933148747
31,12376,0.00007806060606060605,1.5991777293677352,0.00007878787878787879,0.007297525673410085,1.2962902049156424e-6,0.13497737931266837,0.5478635331702005,0.7750167958775417,0.7827211919931706,1.0194334310748883,0.1481886959106019,0.008407197803412298,0.0042246294889528736,0.4936977439458007,0.9382720881717975,0.7036626519926646,0.846943542960956,0.6596574897941825,41.59327964136777,3.325478435707368
32,12377,0.00007787878787878789,1.6079715418779077,0.00007727272727272729,0.007297525682850618,1.3443049794361501e-6,0.1349762429452555,0.5478603489180762,0.7754379364249291,0.7825434746136452,1.0194254220167598,0.14898929773823474,0.00867102502738951,0.0042602975533250565,0.4936517770056029,0.9382720878984038,0.7090525239637147,0.8336178614276274,0.6650150045689652,41.4077066243243,3.3433050857764255
33,12378,0.0001009090909090909,1.5050455870458013,0.0001015151515151515,0.007297525652792076,1.2500840469093083e-6,0.13497663542642982,0.5478530212678022,0.7750225489171279,0.7827023728556868,1.0194533783801343,0.14869906524983448,0.008817923562776258,0.004243190095799144,0.49367101900639343,0.9382720883960549,0.6963470947054163,0.8031479142990023,0.6570503424438532,41.9714869491503,3.2805535136675
34,12379,0.00009345454545454545,1.5199021106343658,0.00009393939393939393,0.007297525670333258,1.2443406157509173e-6,0.1349766708198839,0.5478700790767578,0.7753893815550685,0.7825696530468935,1.0194549622941942,0.14843660097359643,0.008699611405342178,0.004242525786684624,0.4936688730832424,0.9382720885934934,0.6984876648865409,0.8206667233191823,0.6488848022723184,42.15496680793995,3.300411970813716
35,12380,0.00010163636363636363,1.5045863529896257,0.0001015151515151515,0.007297525633977047,1.3335798218665429e-6,0.13497692983748183,0.5479001113043092,0.7756702828898229,0.7826323552934458,1.0194322777992222,0.14995057401384673,0.008684113968188207,0.004235227900897396,0.49365455851282,0.9382720883724442,0.6870028290973377,0.8209493710783629,0.641790257717904,41.863236107823134,3.3633218510753675
36,12381,0.00008284848484848485,1.572217939507027,0.00008333333333333333,0.007297525672660824,1.423183699213654e-6,0.1349764695429557,0.547858073892258,0.7747808080485571,0.7829070212513387,1.019459733872222,0.1481919347073093,0.00871799261585756,0.00425396541613621,0.4936704097256843,0.9382720881735226,0.7104664031014502,0.8193856388513229,0.6432393284654427,41.815235310910474,3.309649498458579
37,12382,0.00007412121212121213,1.622576864441347,0.00007424242424242424,0.007297525654050448,1.3085807006355012e-6,0.13497645472279238,0.5478602428647982,0.7751209551981185,0.7826007323456798,1.019462947119699,0.1481049150502481,0.008642973490545406,0.0042483451803943095,0.4936761138627966,0.9382720879684074,0.6999648501462774,0.8677883801804358,0.6641259419609068,41.437079698386206,3.4767252683193655
38,12383,0.00010012121212121213,1.499977032899722,0.0001,0.007297525652002617,1.3624101127458766e-6,0.1349769746065627,0.5478491337359787,0.7750082169555745,0.7827153927506305,1.0194314343696975,0.14792210281182996,0.008870752573334561,0.004265088861585692,0.4936560381348451,0.9382720883446165,0.7006124570828531,0.7993025930712072,0.6594917950727752,42.172369646804746,3.3507586686667317
39,12384,0.00008296969696969697,1.601785228621619,0.00008333333333333333,0.007297525666313129,1.386057827777421e-6,0.13497584195761764,0.547882205463558,0.7754249860636441,0.7823950733952847,1.0194606890523328,0.14923965710944484,0.008762375178248965,0.004246191082920631,0.4936730237587859,0.938272088229336,0.7052952593748314,0.8200862497777647,0.6313243391936465,41.07548776659997,3.239373163950603
40,12385,0.00008381818181818181,1.5796159812284802,0.00008333333333333333,0.007297525682759273,1.414143676791168e-6,0.13497685298451237,0.5478532921648444,0.7751183806277393,0.7827409319385374,1.0194555580572422,0.15008258143034212,0.008673361777848885,0.004251942328482096,0.49364616937463157,0.9382720877327014,0.6919489476188834,0.8538375441728062,0.6480251653345213,41.525769019239114,3.11240416632547
41,12386,0.00007878787878787879,1.6129526234169504,0.00007878787878787879,0.007297525676914687,1.2995610670816166e-6,0.13497587436322794,0.547862394909645,0.7751563251365142,0.7826701406351751,1.0194514628082891,0.15019286832730275,0.008656646290591609,0.004271016625198642,0.49368232489200214,0.9382720882250758,0.6996509576161407,0.8502657645157072,0.653332264674619,41.21577476319931,3.420431495089654
42,12387,0.00009684848484848485,1.5147808852590239,0.00009696969696969698,0.007297525690020784,1.3177387945720221e-6,0.1349770267184525,0.547831418622006,0.775006443088376,0.7827785659533503,1.019448406340411,0.14975750525413103,0.008525161448864194,0.004244991771036918,0.4936828156320116,0.9382720883501182,0.6875029927804177,0.834601847019273,0.6471264553607646,42.03044264443665,3.2835262013166173
43,12388,0.000088,1.5383336534903185,0.00008787878787878787,0.007297525668030593,1.2535821258687115e-6,0.1349762977998039,0.547866214084757,0.7754159578326021,0.7826709998779948,1.0194542247773346,0.14998901300442544,0.008586412975702326,0.004247610110419645,0.49366430856414223,0.9382720881802401,0.7029280211195391,0.8265917818765702,0.6539741913652314,42.14891458861965,3.3305972916675475
44,12389,0.00009254545454545456,1.5177603578128336,0.00009242424242424243,0.007297525667987198,1.238525746626255e-6,0.13497606488222805,0.5478546079850889,0.7755319390457084,0.7827503469176795,1.0194520556937214,0.1490336136910708,0.008704698069590473,0.004256008026574458,0.49367368853423194,0.9382720879885839,0.7021158388926115,0.8174198509070305,0.6694231252405592,42.26896559855504,3.2794277756265204
45,12390,0.0001070909090909091,1.499713594620537,0.00010757575757575758,0.007297525680482601,1.2884251116081762e-6,0.13497663988087513,0.5478499851956418,0.7753742577821351,0.7829409379408165,1.0194422680086108,0.14915326917657667,0.008866285047419013,0.004236075377370292,0.49366023070801623,0.9382720882393235,0.6834327877019845,0.8116557114128787,0.6469847599283765,41.61472460541945,3.2856106510225063
46,12391,0.00010115151515151515,1.508088711290413,0.0001015151515151515,0.007297525671925685,1.244213950658071e-6,0.1349762800573054,0.5478527641818631,0.7751246986272469,0.782548081552643,1.019455211309728,0.15082268885184372,0.008835829310976847,0.004251317180950505,0.4936584739392884,0.9382720880099562,0.6965764384680778,0.8020549451933839,0.6465114845702195,41.886092275604575,3.4474898979795245
47,12392,0.00009054545454545455,1.5745552774037597,0.0000909090909090909,0.007297525675219825,1.1635518664215724e-6,0.13497665532164993,0.5478538592752888,0.7750049891777843,0.7826145506247564,1.0194758323980773,0.14879715723664713,0.008758783458094329,0.004253984432042466,0.4936831585107759,0.9382720881062158,0.6891644367181115,0.8350419063250166,0.6442628732572466,41.09042375281968,3.1475627467280645
48,12393,0.00008684848484848484,1.5634337146631014,0.00008636363636363636,0.007297525615523553,1.3235309415425282e-6,0.1349768144682571,0.5478569856437863,0.7751309424347795,0.7828835658543486,1.0194702779081193,0.14896279095790046,0.008756510494350084,0.004243445286113633,0.49367428270961733,0.9382720879790033,0.6933148304456539,0.8441453670528047,0.6356189229504693,41.641972901838116,3.27323373070046
49,12394,0.0000812121212121212,1.611066692482618,0.00008181818181818182,0.00729752565903844,1.3418994248778144e-6,0.13497678518457057,0.547866957574136,0.7757765907473873,0.7825256829069718,1.0194678012839593,0.14953842126207742,0.008680223155891007,0.004251722868378198,0.49368504292576376,0.9382720878795096,0.6986737399074164,0.8438493014812162,0.6421710523171051,41.0205199766527,3.520402790488263
50,12395,0.00006757575757575758,1.6575707330527152,0.00006818181818181818,0.007297525676208351,1.3429736963503042e-6,0.13497634735137146,0.547881397957955,0.7750378410185866,0.7824091263198993,1.0194505446973774,0.14798438755373938,0.008686609994261218,0.0042469627047331295,0.4936859713629597,0.9382720881101054,0.7196874196544223,0.8375522201071414,0.653210488374459,41.274022073255956,3.25248317453885
51,12396,0.00007727272727272729,1.6174640274892773,0.00007727272727272729,0.0072975257110545096,1.2836931319957296e-6,0.1349766921602563,0.5478357137513551,0.775327619652066,0.7826886251225245,1.0194818282707832,0.14856317759633617,0.008626356797223539,0.004236716128991408,0.4936415463565443,0.9382720881238901,0.7072725065501396,0.8359138901653483,0.6432589177819262,41.253862917855365,3.233090315277849
52,12397,0.00006793939393939395,1.6688064426172247,0.00006818181818181818,0.007297525647255524,1.3369340508186835e-6,0.1349762548584821,0.5478708462398133,0.7753017484707436,0.7826159934424017,1.0194433856379208,0.14885790843743057,0.008894721252252342,0.004269470961080451,0.49369917699010724,0.9382720881453577,0.7226917380463357,0.8269741834413432,0.6631541086108685,40.97496663187829,3.229153972644518
53,12398,0.00007751515151515153,1.629042572130106,0.00007727272727272729,0.007297525632601487,1.3355061153803538e-6,0.13497639198965733,0.5478835533252784,0.7752476494783043,0.7826909498783536,1.019451032497816,0.1489976357120307,0.00877364574507496,0.004229620168165647,0.49370037771466163,0.9382720877229608,0.7068569589868997,0.8325708317974613,0.6584581337353098,40.93917965117158,3.255214838703864
54,12399,0.00006793939393939395,1.6443035754308553,0.00006818181818181818,0.007297525673780647,1.3708112533612862e-6,0.13497631032534216,0.5478635327516875,0.7754249636263312,0.7827974365252613,1.0194790585781794,0.15030992896347506,0.008742513852122729,0.0042923258388773665,0.4936581436786697,0.9382720878607406,0.7105134712775658,0.8614429089286179,0.6566542428572474,41.494373270771156,3.2852087589311236
55,12400,0.00008393939393939393,1.606355319182819,0.00008333333333333333,0.007297525660264908,1.396326188751336e-6,0.1349762546950361,0.547841814111431,0.7751913680158297,0.7828034228620259,1.0194601151363198,0.14771042024884082,0.008632901808210672,0.004254258205879698,0.4936651932650191,0.9382720885239033,0.7048610306314177,0.8183294940183007,0.6563001213533604,40.92386717253676,3.235078537158855
56,12401,0.00009193939393939395,1.561518482222073,0.00009242424242424243,0.007297525671909262,1.3132498242693525e-6,0.1349764651981904,0.5478449807210722,0.7753347418661983,0.782613123919723,1.0194400719815424,0.14782751661783677,0.00859041453936351,0.004227155993737373,0.4936622177995065,0.9382720887833885,0.6926394537622043,0.8283333159772975,0.6592641878345058,41.29322995682906,3.318134357883248
57,12402,0.00008999999999999999,1.566154569169226,0.00008939393939393939,0.0072975256879368195,1.2171693962933154e-6,0.13497649712347048,0.5478525991081875,0.7753371251761751,0.7825877746851732,1.0194947516529071,0.15004248767670703,0.008650621954409639,0.004248787145112538,0.49368694605473024,0.9382720877381832,0.6872931110162991,0.8459850355836883,0.6658037006804008,41.32724903183372,3.1978904330969065
58,12403,0.00008824242424242424,1.5729816703306967,0.00008787878787878787,0.007297525668179751,1.2878512309429608e-6,0.1349762994874491,0.5478437367704316,0.7754197653245648,0.7826999375725454,1.019464848529199,0.14948646795074214,0.00878245731310658,0.004245569873621418,0.4936847357161863,0.9382720880419331,0.6952225022534465,0.8335365098017925,0.6514598462849592,41.313365282118184,3.3718838590784026
59,12404,0.00007866666666666666,1.6197484271992932,0.00007878787878787879,0.007297525647799458,1.3459244799071266e-6,0.13497588852468062,0.5478642403812087,0.7749748810852692,0.7827714869181923,1.0194455623256573,0.14857672371601086,0.008586907481765254,0.004240205618032809,0.49366535147257407,0.9382720883887422,0.7038883811927218,0.838696602608908,0.6440067346405636,41.08213031164717,3.4285069002040087
60,12405,0.0000812121212121212,1.613106306184043,0.00008181818181818182,0.007297525704572902,1.2836644922372535e-6,0.13497685175588967,0.5478410425826796,0.7751470282706757,0.7824661171373918,1.0194807199599611,0.1483155696689355,0.008866338560760696,0.0042627845186896714,0.4936593804402843,0.9382720882731276,0.7026190021369447,0.830165881629831,0.6385797936380044,41.00593267717047,3.156064897980092
61,12406,0.00008775757575757575,1.5927238906742636,0.00008787878787878787,0.007297525662316032,1.3614322374933454e-6,0.13497677810664924,0.5478621985269482,0.7751880544222877,0.7826030910639383,1.0194521598632555,0.14815670930900493,0.008681015268324854,0.004241695520147238,0.49367597160272253,0.9382720884242887,0.6972043532118384,0.8231963555833598,0.6412026025458382,40.901942699683985,3.220685190599919
62,12407,0.000088,1.5551302015131805,0.00008787878787878787,0.00729752566926206,1.3129281944385612e-6,0.13497733997090852,0.5478606203015254,0.7752965812418171,0.7826543993066372,1.0194984441577535,0.14855728157488204,0.008684149499005794,0.00427939284078214,0.4936768614720233,0.9382720877973563,0.6902369216378884,0.8485184613906458,0.6346313010781128,41.73546325449646,3.2222164774071467
63,12408,0.00008636363636363636,1.6077589062512683,0.00008636363636363636,0.0072975256538468005,1.287102373705597e-6,0.13497731070162539,0.5479025827540661,0.7749820486067387,0.782717501282203,1.019435537505938,0.14787002730161933,0.008821792563961848,0.004301370354053362,0.49370362342455243,0.9382720884272149,0.6934716976065174,0.834715600485585,0.6648982183230271,40.66467397870578,3.3364487297934904
64,12409,0.0000916969696969697,1.5329624336335939,0.00009242424242424243,0.007297525647255236,1.2973729139334925e-6,0.13497595543503405,0.5478501512621025,0.7752274704485387,0.7826954287744388,1.0194292239303477,0.15061634109168778,0.008639574504873014,0.004265578356172094,0.4936742306769929,0.9382720883443122,0.6919953168499351,0.8380562664603961,0.6581982970809735,41.97836665048293,3.2401309661343074
65,12410,0.00009472727272727273,1.6040907695308406,0.00009545454545454546,0.007297525663067379,1.3175862383347743e-6,0.13497674323150166,0.5478524050012912,0.7753028178107765,0.7826846644732611,1.0194646666348393,0.14802245151726257,0.008740332849814006,0.004242588082451163,0.4936874336852167,0.9382720885636,0.6876320478304577,0.8156075891346254,0.6398434992072685,40.066329155259744,3.1986619917641548
66,12411,0.00010103030303030303,1.5198895188736445,0.0001015151515151515,0.007297525654329999,1.2255260562309467e-6,0.13497733722279415,0.5478515566369846,0.7751985400051957,0.7827034859549791,1.0194745249975274,0.14958222883694283,0.008687494801187976,0.0042374367976226205,0.4937277583128149,0.9382720881185903,0.6893197594470195,0.8120854883611289,0.6417776237149023,41.561339205519886,3.2082900857383443
67,12412,0.00008333333333333333,1.5648231727382633,0.00008333333333333333,0.007297525684042764,1.3037451346768398e-6,0.13497644752105992,0.5478365485826628,0.7752706140066342,0.7827119800652557,1.0194498309262494,0.1485179507602373,0.008485770942078022,0.004266342692910619,0.49368131811736893,0.9382720880064492,0.7080935780841282,0.8248181140777812,0.6535605115661595,41.929272930031885,3.244385090992156
68,12413,0.00010072727272727273,1.5003680581414711,0.0001,0.007297525670365698,1.2841991306263941e-6,0.13497547109164207,0.5478621189411516,0.7753200349069427,0.7825696914060418,1.019452751958718,0.15043416651514444,0.00869690692687045,0.004255628453525106,0.4936950479050711,0.9382720876448253,0.6922398078138835,0.8145529275491861,0.6422503516139969,42.078479408285475,3.3885167730751804
69,12414,0.0000895151515151515,1.575263325128168,0.00008939393939393939,0.007297525654811451,1.289269407605327e-6,0.13497777249078333,0.547857775784277,0.7751681935805258,0.7824072498600656,1.0194566680487718,0.14784986977751535,0.008723013384074451,0.004252547766678336,0.4936643320455731,0.9382720881038579,0.6895619055481901,0.8386743958290348,0.6571423613560948,41.16896686809637,3.1389934025463924
70,12415,0.00008145454545454545,1.5886008634790576,0.00008181818181818182,0.007297525666671757,1.341561764242692e-6,0.13497690324374698,0.5478469712660327,0.7756817299086713,0.7826222745077525,1.019423797976458,0.14955125474037298,0.008704290729777263,0.004256881967129179,0.4936612241244903,0.938272088078172,0.70961704467488,0.8231585856666798,0.6525611389278637,41.521493405189695,3.357836459654434
71,12416,0.0000730909090909091,1.653448846646846,0.00007272727272727273,0.007297525662828092,1.3200453245556711e-6,0.13497619748986667,0.547859817701256,0.775358330693176,0.7824919401728164,1.0194564018251526,0.14954939836658152,0.008648069391728212,0.004253572506782336,0.4936814367786546,0.9382720885048581,0.7122877953288614,0.8336788759206767,0.6549253971885074,40.83571251863598,3.362639583382734
72,12417,0.00006606060606060605,1.6722056051969876,0.00006666666666666667,0.007297525659388582,1.2657264687045945e-6,0.13497750899094083,0.5479004852038806,0.7750437337497664,0.782597037895677,1.0195058538211703,0.1492785308787653,0.008962722120285998,0.004261746609075446,0.49365629920392556,0.9382720880464407,0.7148162484789133,0.8521427234341712,0.6482061215294493,41.09110324171307,3.3515342670020987
73,12418,0.0000610909090909091,1.7275950729737808,0.000060606060606060605,0.007297525695160821,1.3267405226899286e-6,0.13497658805933832,0.5478452671870151,0.7754670597561372,0.7826089156136133,1.0194772338021914,0.14860355935422614,0.008902666056300699,0.004248352863891295,0.49366726545133094,0.9382720880901375,0.7145731416961134,0.8602059563376133,0.6437333089953453,40.40312751690328,3.2559589201385326
74,12419,0.0000809090909090909,1.5725692792471264,0.0000803030303030303,0.007297525685571818,1.3256199779272868e-6,0.13497670705275225,0.5478600509621118,0.7755712725089273,0.7828052171519811,1.0194583776542898,0.14923887522701443,0.00876429962205508,0.0042447375211418234,0.4936872630001337,0.9382720878815379,0.7086007680970607,0.8321825889745683,0.6544234184384745,41.929569714268524,3.353925585091283
75,12420,0.00008242424242424243,1.5525627269368338,0.00008181818181818182,0.00729752566263047,1.3182444253208159e-6,0.1349769293272478,0.5478602338156294,0.7753697361501575,0.7829303332553904,1.0194760904774147,0.1483913690507319,0.008637655171073809,0.004250518514808087,0.4936840422477132,0.9382720879094051,0.7030324292466846,0.8430263387355065,0.6529994525451833,42.26089191116186,3.223067965926683
76,12421,0.00008145454545454545,1.6001479603046342,0.00008181818181818182,0.007297525663000238,1.2513438610636145e-6,0.13497718435816347,0.5478787267178432,0.775547790798658,0.7825808548952645,1.019458229288871,0.15019783306968687,0.008497139803777826,0.004235036441497287,0.4936759314778738,0.9382720883552087,0.6878799262807849,0.8696075592050021,0.6551279342213369,41.230879000204105,3.3294193583963434
77,12422,0.00009230303030303031,1.538232567497093,0.00009242424242424243,0.007297525674959915,1.3602830910470712e-6,0.1349766262333281,0.5478773027885159,0.7752276310920897,0.7824845128172802,1.0194529570180855,0.15092569874940717,0.008745411260926336,0.0042381900442601955,0.49369066489592195,0.9382720879298814,0.6984901187693308,0.8195173761095045,0.6486993444352396,41.80595607955755,3.3439764629046262
78,12423,0.00009369696969696969,1.5718345854169133,0.00009393939393939393,0.00729752563020128,1.3567410108774306e-6,0.13497507546287896,0.5478462661910909,0.775118822076256,0.7826604891285381,1.019471874318477,0.14788956051391242,0.008610722246987647,0.004272188967717448,0.4936841068224729,0.9382720881374171,0.7019826235235862,0.7972310483785736,0.6665464138846321,40.923174368192846,3.1947430866349285
79,12424,0.00009333333333333333,1.5575731894092488,0.00009393939393939393,0.007297525644389656,1.3869068882144478e-6,0.13497607171527837,0.5478709833276587,0.7756335688331131,0.7827602154832887,1.019449815556788,0.1488856124039764,0.00853853354062092,0.004260061601873606,0.49368079192382713,0.9382720879353997,0.6934728044617362,0.8198724821565644,0.6598944738407486,41.22026386670178,3.1289913379605374
80,12425,0.0000903030303030303,1.6272598540668317,0.0000909090909090909,0.007297525689342435,1.253763844803514e-6,0.13497620154206294,0.547878349516181,0.7749794230113448,0.7825192226987023,1.0194637039470182,0.1487407564449192,0.008666851134859177,0.004257487103609759,0.49366165917514454,0.9382720880211872,0.695751081758241,0.8091121612427551,0.6603961454346174,39.926552463926114,3.294873941999558
81,12426,0.00009345454545454545,1.5410842546737653,0.00009393939393939393,0.007297525632499526,1.3321219054441911e-6,0.13497580730322253,0.5478865706336358,0.7749197481511947,0.782703098917928,1.0194857957109795,0.14823313348129988,0.008784041569341554,0.004232312126337379,0.49365727845426605,0.9382720880310368,0.6917526002064599,0.8325289895141904,0.6690875747610822,41.67525892191732,3.478103172191133
82,12427,0.00009733333333333333,1.531872232144929,0.00009696969696969698,0.007297525673995442,1.2559806897680122e-6,0.1349767309014948,0.5478846106656186,0.7750293859477846,0.7824774719657285,1.0194883794262333,0.14935292670957948,0.008440412895590664,0.004233884280798672,0.4936701550039506,0.9382720878729023,0.6962166116856692,0.8065237115600893,0.6458406777065816,41.5721850928342,3.2280525308755244
83,12428,0.00010187878787878788,1.5274584440311618,0.0001015151515151515,0.007297525671704784,1.2795299279336747e-6,0.134976543203913,0.5478644026497718,0.7750896362602939,0.7829350559081943,1.0194587798384722,0.14825509943836349,0.008745885740900631,0.004244449419782691,0.49368210749802355,0.9382720878434052,0.7046737603187301,0.7729877737197627,0.6577389621463928,41.31924118454127,3.090407804526028
84,12429,0.00007763636363636366,1.6286135236323147,0.00007727272727272729,0.007297525649919291,1.3115730917494168e-6,0.1349762604270066,0.5478430959279619,0.7752336889895485,0.7829919640654259,1.0194680230033202,0.14947228650526276,0.008662678962504148,0.004249976139876961,0.49369809915581747,0.9382720881603017,0.6982275568067867,0.8528073943635756,0.6344501165105597,40.94429387291928,3.3563829625583605
85,12430,0.00007436363636363635,1.6089898596466838,0.00007424242424242424,0.007297525665525851,1.214052382984472e-6,0.13497682224504637,0.547868500066821,0.7753710270244426,0.7827923145161197,1.019488300660751,0.14955626197085722,0.008716752755171276,0.004248411258805822,0.4936851032170615,0.9382720882785195,0.7123145453720787,0.8395398866266675,0.6529921933192925,41.67981053925381,3.3246912717675148
86,12431,0.00008242424242424243,1.5971984746157402,0.00008181818181818182,0.007297525682978089,1.3488860495962932e-6,0.13497688937454913,0.5478644852233328,0.7750002114365991,0.7827081445815528,1.0194485762202363,0.14886657771178913,0.008714043538069113,0.004234150826709361,0.4936920564772785,0.9382720880662052,0.7014260103843758,0.8341177878872182,0.6422699037651226,41.25681424521515,3.3134169233161486
87,12432,0.00006303030303030302,1.695499588788623,0.00006363636363636363,0.007297525670053266,1.3939489601186188e-6,0.13497660396752487,0.5478534405767947,0.7752591636799931,0.7825533219321372,1.0194408391201872,0.1498265243859488,0.008673947489128609,0.004247146583649906,0.4936767894822258,0.9382720880373006,0.7084242263335693,0.8749650302671919,0.6553648187884261,40.89968290173711,3.2917330615619624
88,12433,0.00008145454545454545,1.5791720179570592,0.00008181818181818182,0.007297525684054669,1.326723016795902e-6,0.13497734519987659,0.5478825873195545,0.7755236080466733,0.7825972546010933,1.0194732956457997,0.14775637081328605,0.008796006726885684,0.004263088055640206,0.49371109655448675,0.9382720882120583,0.7043658207098061,0.8380159784565002,0.6442204115169234,41.73063225767131,3.4716023742248843
89,12434,0.00007424242424242424,1.6087737023704394,0.00007424242424242424,0.007297525631994161,1.2860097952595204e-6,0.13497651604013997,0.5478450459621567,0.7751479745927429,0.7826433354395762,1.0194594105753572,0.14710467055299306,0.008577575579186975,0.004249710600906216,0.4936687301616324,0.9382720888615792,0.7149534451519185,0.8337930074386573,0.6533796038851483,41.734273043821304,3.2529900133685423
90,12435,0.00008575757575757576,1.5640159202206454,0.00008636363636363636,0.007297525660587405,1.2552883375366418e-6,0.13497695859117487,0.5478264419443326,0.7750344117651781,0.7826477528591327,1.0194792234425574,0.14976543801847683,0.008607710296711821,0.004247321213836763,0.4936760369119832,0.9382720879964997,0.7062315166120675,0.8202783259008142,0.6488743492193804,41.76770360339613,3.309958695661222
91,12436,0.00008824242424242424,1.5895320775951807,0.00008787878787878787,0.007297525679103453,1.3174068775931244e-6,0.13497725785147954,0.5478761681618672,0.7750367232354903,0.7828560283801727,1.01945073171699,0.14949121522399855,0.008698855688630162,0.004234864909139954,0.4937008538419917,0.9382720881065069,0.6879229614486978,0.8446763947418922,0.6433953762163225,40.91991839057979,3.3331246698616517
92,12437,0.0000826060606060606,1.541260545815377,0.00008333333333333333,0.007297525685947904,1.3082918224729106e-6,0.13497746958233897,0.5478378664454149,0.7754427706545914,0.7825878062301558,1.019445930339434,0.14949597182226484,0.008739311630084259,0.004252392171275215,0.4936273921613325,0.9382720878966998,0.7087366437565071,0.8332228599689129,0.6412845203121056,42.546441415152465,3.311166149680129
93,12438,0.00011593939393939393,1.4609697444142955,0.00011666666666666665,0.00729752568371805,1.3118378437189182e-6,0.13497646862041932,0.5478328799629212,0.7751832436387553,0.7825253492555583,1.01945825852102,0.15003083913729232,0.00856360940135538,0.004267918454063526,0.49366958641212505,0.9382720881840032,0.6687872406616883,0.824744891044579,0.6356705923504754,41.98199370822185,3.1799507754531815
94,12439,0.00009896969696969696,1.542647850921898,0.00009848484848484848,0.007297525658188,1.3009271954996175e-6,0.13497760004477136,0.5478590374705515,0.775312669867517,0.7828583413358657,1.0194484863920574,0.14776073705271975,0.008835723692158242,0.004250061845156458,0.4936881107348639,0.9382720882782488,0.6851417952308321,0.8244073193450334,0.6525131968487943,41.17268382380542,3.297530189165881
95,12440,0.00006957575757575758,1.6431009606251998,0.0000696969696969697,0.00729752566131105,1.3550788960418719e-6,0.13497709172383449,0.5478706321478544,0.7753189400501719,0.7827944280706581,1.0194516519482302,0.14865830799685403,0.008886006651356844,0.004265944279180994,0.49365761430289234,0.9382720886229122,0.7113754811744212,0.8515386376857229,0.6473518806491866,41.36416738924376,3.235224549938674
96,12441,0.00007236363636363637,1.6591061449418598,0.00007272727272727273,0.0072975256511807855,1.38931121150205e-6,0.1349777268238854,0.5478833594697808,0.7752961791073444,0.7826842150465821,1.0194338930678497,0.15028198881445548,0.008610907094285258,0.00425347516486476,0.4936579030757161,0.9382720883834662,0.702546095083125,0.8578985991405733,0.65990011399836,40.759655258201796,3.388432869484867
97,12442,0.00010103030303030303,1.5193231645948013,0.0001015151515151515,0.007297525665471278,1.2549768712858155e-6,0.13497722166364845,0.5478473051304569,0.7749290241492889,0.7825016699929909,1.019440622970346,0.14941002142371976,0.00881893895680187,0.004263496572156283,0.49364867469592566,0.9382720878633205,0.6974421749766451,0.7950779177824372,0.6536442236329998,41.62372434963904,3.2247227104719354
98,12443,0.00008460606060606063,1.5676273544849533,0.00008484848484848486,0.0072975256469983785,1.2977625493703034e-6,0.1349762341509222,0.5478442179797098,0.7754527763803155,0.7827079197198328,1.0194505530604374,0.14968593955208312,0.008578750412856105,0.004260116981520233,0.4936850624671076,0.9382720877586812,0.6982454106402576,0.8423997277110338,0.6538137195962301,41.74267110531067,3.3351049094711707
99,12444,0.00008284848484848485,1.578499272803695,0.00008333333333333333,0.00729752566356674,1.323539439000561e-6,0.1349762354246004,0.5478607905704705,0.7748476427964606,0.7826742637667152,1.0194412788565776,0.14835153036899276,0.00877577944878854,0.004248099998242717,0.4936664017872722,0.9382720876614917,0.7055455228216378,0.8285716168683124,0.670164127528535,41.6684406082501,3.218263964714453
100,12445,0.000062,1.6681390249471253,0.00006212121212121213,0.0072975256714288405,1.3546163214433954e-6,0.13497622587168903,0.5478702532456954,0.7755485609634918,0.7827407892766624,1.01946754845933,0.1497621053181212,0.008581596638380882,0.004229900020680049,0.4936782506450065,0.9382720877884742,0.7179810957958614,0.864029338899877,0.6493710996600316,41.55606850101554,3.28018366576596
