"Invariant_GeV2","OnShell_Mean_GeV-1","OnShell_Sigma_GeV-1","Continuous_Mean_GeV-1","Continuous_Sigma_GeV-1"
0.01821873653824,8.716065504872763e-23,1.8385663661474184e-22,8.8256420627709e-23,1.859273013517393e-22
0.030640114061651694,1.4168289313886098e-6,1.0246339886091886e-7,1.4169785317094277e-6,1.0246962669566245e-7
0.04306149158506338,1.4290348849891e-6,1.0276503765512197e-7,1.4293307702602185e-6,1.027805255118191e-7
0.05548286910847508,1.3454591048713713e-6,9.662903675631777e-8,1.3458300773365408e-6,9.665010933169665e-8
0.06790424663188677,1.256955819214993e-6,9.022897701208311e-8,1.2573680943729815e-6,9.025363381905804e-8
0.08032562415529845,1.174747677016332e-6,8.430839624644524e-8,1.1751860035921374e-6,8.433571519527481e-8
0.09274700167871015,1.1016891874855775e-6,7.905671334398729e-8,1.102146420201309e-6,7.908627422857606e-8
0.10516837920212184,1.0387766637270508e-6,7.453990870357883e-8,1.0392494139959845e-6,7.457152383250255e-8
0.11758975672553354,9.864318283772744e-7,7.078548649000861e-8,9.869185783825144e-7,7.081907440047228e-8
0.13001113424894523,9.448599329644182e-7,6.780626896467845e-8,9.453601566161982e-7,6.784179045286276e-8
0.1424325117723569,9.141730613981826e-7,6.560866255279142e-8,9.146867846336046e-7,6.564608610010574e-8
0.15485388929576863,8.944390646812564e-7,6.41960386947193e-8,8.949666311706445e-7,6.423532212026578e-8
0.1672752668191803,8.857027060057378e-7,6.35702899788152e-8,8.862446451185093e-7,6.361137297134231e-8
0.179696644342592,8.879947730450937e-7,6.37325906553698e-8,8.885517216062601e-7,6.377539558045604e-8
0.19211802186600369,9.013348151868193e-7,6.468370304997072e-8,9.019074689123691e-7,6.472814198715417e-8
0.20453939938941537,9.257290662436295e-7,6.642390307291641e-8,9.263181482405137e-7,6.646988886060464e-8
0.21696077691282706,9.611625942000066e-7,6.895245442213332e-8,9.617688336318463e-7,6.899991343662648e-8
0.22938215443623877,1.0075816295127e-6,7.226637120372367e-8,1.0082057465070212e-6,7.231525612637885e-8
0.24180353195965046,1.0648556407360788e-6,7.6357806747171e-8,1.065498335221619e-6,7.640810877520222e-8
0.25422490948306214,1.1326920262075617e-6,8.120830013735168e-8,1.1333539692770257e-6,8.126006203022059e-8
0.2666462870064738,1.2104254467529922e-6,8.677472537415273e-8,1.21110727367346e-6,8.682806006651633e-8
0.2790676645298856,1.2964209046274422e-6,9.294959258540977e-8,1.2971232089357964e-6,9.300472004397368e-8
0.29148904205329723,1.3860047966219631e-6,9.942327202374994e-8,1.3867281249363953e-6,9.948061432311855e-8
0.30391041957670895,1.461594628623663e-6,1.0502507021993924e-7,1.4623394759241857e-6,1.0508558369941836e-7
0.3163317971001206,1.4115034070329427e-6,1.0233457369606882e-7,1.4122702122422823e-6,1.0240183495882176e-7
0.3287531746235323,8.108194826451265e-7,6.062866830442207e-8,8.116086243928699e-7,6.072742909867667e-8
0.341174552146944,5.588365980281199e-7,4.295945076165025e-8,5.596483905154608e-7,4.308357827809118e-8
0.3535959296703557,4.872289628830646e-7,3.8241071194442075e-8,4.880636517889003e-7,3.837600396358681e-8
0.36601730719376735,4.5628228634521187e-7,3.621700351454615e-8,4.571400447305829e-7,3.635891407693655e-8
0.37843868471717906,4.4018632657315547e-7,3.51543646281105e-8,4.410672507523707e-7,3.53017342563542e-8
0.3908600622405907,4.3122850425712495e-7,3.45454899943226e-8,4.321326096120056e-7,3.469748835920116e-8
0.40328143976400244,4.2648762927529045e-7,3.4199378821967756e-8,4.2741484599479423e-7,3.435541107771583e-8
0.41570281728741415,4.2475229606017174e-7,3.403773462860469e-8,4.257024647919004e-7,3.419727592359275e-8
0.4281241948108258,4.2551887106797074e-7,3.402914673596032e-8,4.264917384711915e-7,3.4191673708195933e-8
0.4405455723342376,4.2867295782518725e-7,3.416564553822758e-8,4.296681720173361e-7,3.433061021687914e-8
0.45296694985764924,4.3422562832112757e-7,3.4448078392213005e-8,4.3524273421151285e-7,3.4614892444946647e-8
0.46538832738106095,4.4216861527764607e-7,3.4878017875493345e-8,4.432070497833946e-7,3.5046051419930065e-8
0.47780970490447255,4.5257268291431814e-7,3.5461406876666097e-8,4.5363177005463964e-7,3.5629992057224334e-8
0.4902310824278843,4.656039166687474e-7,3.621028976265525e-8,4.6668286253436736e-7,3.637872454790431e-8
0.502652459951296,4.816565260622127e-7,3.715193170437394e-8,4.827544136574424e-7,3.731947860491872e-8
0.5150738374747076,5.016871809972215e-7,3.8351669456196105e-8,5.028029649526097e-7,3.851753672221101e-8
0.5274952149981194,5.279730659793134e-7,3.9964893191441685e-8,5.291055671332124e-7,4.0128172341527776e-8
0.5399165925215311,5.657945998684812e-7,4.2353026006064515e-8,5.669424997161448e-7,4.251253528160824e-8
0.5523379700449428,6.273649898004653e-7,4.635613089335092e-8,6.285268248095594e-7,4.651007896217514e-8
0.5647593475683544,7.424272236634381e-7,5.403531912450986e-8,7.436013794550096e-7,5.4180671964417974e-8
0.5771807250917661,9.945895631291055e-7,7.126550089005164e-8,9.957742685232437e-7,7.139695114741795e-8
0.5896021026151779,1.6969598320078865e-6,1.2075981645780977e-7,1.6981531529334163e-6,1.208682739313038e-7
0.6020234801385895,4.802980682620662e-6,3.570682468477196e-7,4.804180515888308e-6,3.571382581425633e-7
0.6144448576620012,0.000012235963951255794,9.858974252241635e-7,0.000012237168018194379,9.859393564965114e-7
0.6268662351854128,2.0339774909791254e-6,1.572200301550215e-7,2.035183330934374e-6,1.572424207170122e-7
0.6392876127088246,5.826692069651659e-7,4.41797297026081e-8,5.838741706608127e-7,4.416888081602076e-8
0.6517089902322363,2.4864180488523425e-7,1.9322802361591142e-8,2.4984304764612373e-7,1.9282893507047975e-8
0.664130367755648,1.2949307915387945e-7,1.0442453371599188e-8,1.3068755399082789e-7,1.0379843667676001e-8
0.6765517452790597,7.54205681943138e-8,6.3263525740683806e-9,7.660501875051471e-8,6.246885901635969e-9
0.6889731228024714,4.69913680988865e-8,4.094472609410852e-9,4.816232145768122e-8,4.003200718070332e-9
0.701394500325883,3.0544568614655455e-8,2.756217111768864e-9,3.169832796850972e-8,2.6576503060074297e-9
0.7138158778492948,2.039753174280558e-8,1.8985837959410403e-9,2.1530168923355148e-8,1.7970281058995979e-9
0.7262372553727064,1.3853985213400271e-8,1.323930577062467e-9,1.4961333082446608e-8,1.2238320565407795e-9
0.7386586328961181,9.502066324481707e-9,9.273437514984908e-10,1.0579711025833277e-8,8.336762474637762e-10
0.7510800104195299,6.544695124112421e-9,6.484711182131488e-10,7.587968196180743e-9,5.672244039548942e-10
0.7635013879429415,4.505062953121604e-9,4.503103977620409e-10,5.5090333021916785e-9,3.8902845627273245e-10
0.7759227654663532,3.084914992270975e-9,3.089788024272998e-10,4.0443807263757485e-9,2.7677863018385976e-10
0.7883441429897649,2.0911108828434383e-9,2.0840173359431718e-10,3.0005937303957097e-9,2.1381833786920843e-10
0.8007655205131766,1.3951464151537195e-9,1.3738377702067564e-10,2.248961610481522e-9,1.8338100089885431e-10
0.8131868980365883,9.096630119196035e-10,8.791065607262907e-11,1.7021396105732053e-9,1.6896372423642312e-10
0.8256082755599999,5.742153736704822e-10,5.4122565508646455e-11,1.2999722958397922e-9,1.5909438231528142e-10
0.8292776456736,4.972569947267199e-10,4.6474651938310284e-11,1.202353899055242e-9,1.5613317442273602e-10
0.8329470157872,4.2874064091690905e-10,3.97168711749745e-11,1.112778826439573e-9,1.530070555190034e-10
0.8366163859008,3.678819766867051e-10,3.3764735055906496e-11,1.0304863531125523e-9,1.4967545678709705e-10
0.8402857560143999,3.1396912814964826e-10,2.8540613679496662e-11,9.547909699238063e-10,1.4611516564128457e-10
0.843955126128,2.663550655725759e-10,2.3973179185303374e-11,8.850748429874044e-10,1.4231643718995216e-10
0.8476244962416,2.2445080569393387e-10,1.9996905731892933e-11,8.207810935785073e-10,1.3827986610605285e-10
0.8512938663551999,1.8771933350527006e-10,1.6551618050347796e-11,7.614077980186697e-10,1.3401390450726977e-10
0.8549632364687999,1.5567015204610405e-10,1.3582081669340101e-11,7.065026160963672e-10,1.295329117775612e-10
0.8586326065823999,1.2785433770981844e-10,1.1037626743985612e-11,6.556579255167896e-10,1.2485563314656981e-10
0.862301976696,1.0386019796615923e-10,8.871804799758333e-12,6.085065592829156e-10,1.2000402009176847e-10
0.8659713468096,8.330999671140132e-11,7.042115057916455e-12,5.647186112154164e-10,1.1500233736576992e-10
0.8696407169231999,6.585582545044682e-11,5.509681190583892e-12,5.23997387812159e-10,1.098764560125417e-10
0.8733100870368,5.117628811511129e-11,4.238969378891555e-12,4.860761742481302e-10,1.0465332211692729e-10
0.8769794571503999,3.89736306634908e-11,3.1975320707282814e-12,4.50715445657265e-10,9.936056066306996e-11
0.880648827264,2.8971145339522205e-11,2.3557650907363496e-12,4.1770035357189174e-10,9.402618223914168e-11
0.8843181973776,2.0910819662249574e-11,1.6866758429972778e-12,3.868384575860199e-10,8.867837089949181e-11
0.8879875674911999,1.4551203454496664e-11,1.1656607333210186e-12,3.57957675548827e-10,8.334533643010871e-11
0.8916569376048,9.665469961513822e-12,7.702903158920562e-13,3.3090442833565894e-10,7.805521814769931e-11
0.8953263077183999,6.039649394248414e-12,4.801010334595759e-13,3.055419575279793e-10,7.283603043239025e-11
0.898995677832,3.4710150855451225e-12,2.7639275831198595e-13,2.817487961873418e-10,6.77156426508572e-11
0.9026650479456,1.7666038798081198e-12,1.420316306748764e-13,2.5941737434079615e-10,6.272178815007223e-11
0.9063344180591999,7.418533765812914e-13,6.125793472984584e-14,2.38452741795013e-10,5.788209876558985e-11
0.9100037881728,2.193391813222975e-13,1.949954768767342e-14,2.187713914293284e-10,5.3224162987232316e-11
0.9136731582864,2.7595316683004782e-14,3.2044551938946813e-15,2.0030016611795544e-10,4.877560781076938e-11
0.9173425284,6.423598980764739e-19,1.1624309657861553e-18,1.8297523181348368e-10,4.456420669106927e-11
0.920400336828,0.,0.,1.6937415693141297e-10,4.125248843771542e-11
0.923458145256,0.,0.,1.5650718469657447e-10,3.811946807485258e-11
0.926515953684,0.,0.,1.443513903044479e-10,3.515956704117687e-11
0.9295737621119999,0.,0.,1.328838854810665e-10,3.236721551937902e-11
0.93263157054,0.,0.,1.220818356164697e-10,2.973685671245419e-11
0.9356893789680001,0.,0.,1.1192247710075766e-10,2.7262951061751568e-11
0.9387471873959999,0.,0.,1.0238313480978991e-10,2.4939980501442033e-11
0.9418049958240001,0.,0.,9.344123973974448e-11,2.2762452749206717e-11
0.944862804252,0.,0.,8.507434678976836e-11,2.072490563296286e-11
0.94792061268,0.,0.,7.726015269192649e-11,1.8821911453429345e-11
0.9509784211079999,0.,0.,6.997651408771187e-11,1.7048081382361026e-11
0.9540362295360001,0.,0.,6.320146575032938e-11,1.5398069896246765e-11
0.957094037964,0.,0.,5.691323895202792e-11,1.3866579245311254e-11
0.960151846392,0.,0.,5.109027997571011e-11,1.2448363957619746e-11
0.96320965482,0.,0.,4.5711268770094014e-11,1.1138235378112842e-11
0.9662674632480002,0.,0.,4.075513774768969e-11,9.931066242397381e-12
0.969325271676,0.,0.,3.6201090724857864e-11,8.821795285106431e-12
0.9723830801040001,0.,0.,3.202862200322926e-11,7.805431882660362e-12
0.9754408885320001,0.,0.,2.821753559177356e-11,6.877060730250912e-12
0.97849869696,0.,0.,2.4747964568797464e-11,6.031846552876167e-12
0.981556505388,0.,0.,2.160039058317244e-11,5.265038850252751e-12
0.9846143138160001,0.,0.,1.8755663494092317e-11,4.571976675440029e-12
0.987672122244,0.,0.,1.619502114866258e-11,3.948093447000565e-12
0.9907299306720001,0.,0.,1.390010929663633e-11,3.388921794535645e-12
0.9937877391000001,0.,0.,1.1853001641611426e-11,2.8900984374245067e-12
0.9968455475280001,0.,0.,1.0036220028010953e-11,2.4473690966055337e-12
0.999903355956,0.,0.,8.43275476317596e-12,2.0565934392337877e-12
1.0029611643840002,0.,0.,7.0260850738997585e-12,1.7137500560546023e-12
1.0060189728120001,0.,0.,5.80019969674593e-12,1.4149414713289943e-12
1.00907678124,0.,0.,4.739617601487903e-12,1.156399185154288e-12
1.0097162999125053,0.,0.,4.537305203286099e-12,1.1070773357214323e-12
1.0103558185850106,0.,0.,4.3414347870046355e-12,1.0593248149192663e-12
1.0109953372575158,0.,0.,4.1518739935010835e-12,1.013109401301101e-12
1.011634855930021,0.,0.,3.96849157499007e-12,9.683991437574159e-13
1.0122743746025262,0.,0.,3.791157403495224e-12,9.251623635728515e-13
1.0129138932750315,0.,0.,3.619742479311806e-12,8.833676564848657e-13
1.013553411947537,0.,0.,3.4541189394803855e-12,8.429838947457202e-13
1.014192930620042,0.,0.,3.294160066271859e-12,8.039802291870769e-13
1.0148324492925473,0.,0.,3.1397402956822633e-12,7.663260912866612e-13
1.0154719679650526,0.,0.,2.990735225940002e-12,7.299911952383498e-13
1.0161114866375578,0.,0.,2.847021626022573e-12,6.949455400245821e-13
1.016751005310063,0.,0.,2.708477444185168e-12,6.611594114912206e-13
1.0173905239825682,0.,0.,2.5749818164994407e-12,6.286033844251951e-13
1.0180300426550735,0.,0.,2.4464150754037215e-12,5.972483246352052e-13
1.0186695613275787,0.,0.,2.3226587582636117e-12,5.670653910342168e-13
1.019309080000084,0.,0.,2.2035956159436053e-12,5.380260377253923e-13
1.0199485986725891,0.,0.,2.0891096213896058e-12,5.101020160902636e-13
1.0205881173450946,0.,0.,1.979085978222112e-12,4.832653768795163e-13
1.0212276360175996,0.,0.,1.873411129340369e-12,4.574884723064724e-13
1.021867154690105,0.,0.,1.7719727655368841e-12,4.327439581434228e-13
1.02250667336261,0.,0.,1.674659834123556e-12,4.090047958200902e-13
1.0231461920351155,0.,0.,1.5813625475675317e-12,3.8624425452523574e-13
1.0237857107076207,0.,0.,1.4919723921388094e-12,3.644359133105135e-13
1.024425229380126,0.,0.,1.4063821365677912e-12,3.435536631971131e-13
1.025064748052631,0.,0.,1.3244858407141122e-12,3.235717092849002e-13
1.0257042667251364,0.,0.,1.24617886424582e-12,3.0446457286438396e-13
1.0263437853976414,0.,0.,1.171357875329691e-12,2.862070935310268e-13
1.0269833040701468,0.,0.,1.0999208593316807e-12,2.687744313023099e-13
1.027622822742652,0.,0.,1.031767127528738e-12,2.521420687373976e-13
1.0282623414151573,0.,0.,9.667973258306581e-13,2.362858130593415e-13
1.0289018600876625,0.,0.,9.049134435130769e-13,2.2118179827996031e-13
1.0295413787601677,0.,0.,8.460188219608601e-13,2.068064873271518e-13
1.030180897432673,0.,0.,7.900181634222775e-13,1.9313667417505866e-13
1.0308204161051782,0.,0.,7.368175397737778e-13,1.8014948597660084e-13
1.0314599347776836,0.,0.,6.863244012953503e-13,1.6782238519867262e-13
1.0320994534501886,0.,0.,6.384475854566299e-13,1.5613317175991979e-13
1.0327389721226938,0.,0.,5.930973257133343e-13,1.4505998517109013e-13
1.033378490795199,0.,0.,5.501852603147313e-13,1.3458130667805381e-13
1.0340180094677045,0.,0.,5.09624441121241e-13,1.246759614071651e-13
1.0346575281402097,0.,0.,4.713293424329891e-13,1.1532312051349822e-13
1.035297046812715,0.,0.,4.3521586982861037e-13,1.0650230333144731e-13
1.0359365654852202,0.,0.,4.012013690148526e-13,9.819337952793191e-14
1.0365760841577254,0.,0.,3.6920463468657313e-13,9.037657125819466e-14
1.0372156028302306,0.,0.,3.3914591939738004e-13,8.303245532423541e-14
1.0378551215027358,0.,0.,3.1094694244066377e-13,7.614196533560946e-14
1.038494640175241,0.,0.,2.8453089874130194e-13,6.968639387300547e-14
1.0391341588477463,0.,0.,2.598224677577082e-13,6.364739465421387e-14
1.0397736775202515,0.,0.,2.3674782239450146e-13,5.800698470276224e-14
1.0404131961927567,0.,0.,2.1523463792558385e-13,5.274754651900886e-14
1.041052714865262,0.,0.,1.9521210092769796e-13,4.7851830253846394e-14
1.0416922335377672,0.,0.,1.7661091822448567e-13,4.3302955884941924e-14
1.0423317522102726,0.,0.,1.5936332584093738e-13,3.908441539549943e-14
1.0429712708827776,0.,0.,1.4340309796835954e-13,3.518007495559488e-14
1.043610789555283,0.,0.,1.2866555593964685e-13,3.1574177105994573e-14
1.044250308227788,0.,0.,1.1508757721515606e-13,2.8251342944593386e-14
1.0448898269002935,0.,0.,1.0260760437878723e-13,2.5196574315304505e-14
1.0455293455727988,0.,0.,9.116565414464403e-14,2.2395255999541886e-14
1.046168864245304,0.,0.,8.070332637394396e-14,1.983315791019166e-14
1.0468083829178092,0.,0.,7.11638131024014e-14,1.7496437288147818e-14
1.0474479015903144,0.,0.,6.249190757792394e-14,1.5371640901336917e-14
1.0480874202628196,0.,0.,5.463401330869276e-14,1.344570724628953e-14
1.0487269389353249,0.,0.,4.7538153121582136e-14,1.170596875224052e-14
1.0493664576078303,0.,0.,4.115397823091896e-14,1.0140153987731514e-14
1.0500059762803353,0.,0.,3.543277731757852e-14,8.736389869753461e-15
1.0506454949528408,0.,0.,3.032748561836639e-14,7.483203875391027e-15
1.051285013625346,0.,0.,2.5792694025753043e-14,6.369526256003374e-15
1.0519245322978512,0.,0.,2.1784658197869713e-14,5.384692253931049e-15
1.0525640509703564,0.,0.,1.826130767880695e-14,4.5184443217130794e-15
1.0532035696428614,0.,0.,1.51822550291888e-14,3.760934343856814e-15
1.0538430883153669,0.,0.,1.25088049670056e-14,3.10272586113555e-15
1.054482606987872,0.,0.,1.0203963518723359e-14,2.534796297452114e-15
1.0551221256603773,0.,0.,8.232447180612809e-15,2.0485391892761212e-15
1.0557616443328826,0.,0.,6.5606920903379134e-15,1.6357664176929049e-15
1.0564011630053878,0.,0.,5.156863208758219e-15,1.2887104431164292e-15
1.057040681677893,0.,0.,3.990863511954009e-15,1.0000265427481605e-15
1.0576802003503982,0.,0.,3.034343193456078e-15,7.627950508992403e-16
1.0583197190229034,0.,0.,2.260708876671643e-15,5.705236023886864e-16
1.0589592376954087,0.,0.,1.6451328374987383e-15,4.1714937935149914e-16
1.059598756367914,0.,0.,1.1645622371163855e-15,2.970413620234672e-16
1.0602382750404193,0.,0.,7.977283649422246e-16,2.0500258450327002e-16
1.0608777937129243,0.,0.,5.251558917470515e-16,1.362723972741727e-16
1.0615173123854298,0.,0.,3.29172132915776e-16,8.652873982021754e-17
1.062156831057935,0.,0.,1.9391632184766735e-16,5.189042972146293e-17
1.0627963497304402,0.,0.,1.0534889348180602e-16,2.891948079343469e-17
1.0634358684029452,0.,0.,5.1260777941492824e-17,1.4623474959463357e-17
1.0640753870754507,0.,0.,2.1282704285860946e-17,6.458032258687558e-18
1.064714905747956,0.,0.,6.894514359788518e-18,2.3294222775955293e-18
1.0653544244204611,0.,0.,1.434486731575103e-18,5.970542991388168e-19
1.0659939430929664,0.,0.,1.0867070922482025e-19,7.294411701768181e-20
1.0666334617654716,0.,0.,1.464106219293658e-22,3.202137623995052e-22
