"<|""Run"" -> 1, ""Seed"" -> 12346, ""BestYukawa2Cs2Ms6MB2"" -> 0.00007951515151515151, ""BestLoss"" -> 1.5885154664604313, ""CoarseBestY"" -> 0.00007878787878787879, ""Alpha"" -> 0.007297525671964907, ""GammaTotal"" -> 1.2483802087658963*^-6, ""mPi"" -> 0.1349769538434105, ""MEta"" -> 0.5478680129429994, ""mRho"" -> 0.7750320711444226, ""mOmega"" -> 0.7826298545619806, ""mPhi"" -> 1.0194649417761057, ""GammaRho"" -> 0.1502223130306462, ""GammaOmega"" -> 0.008681154179396093, ""GammaPhi"" -> 0.0042617823847317556, ""mKP"" -> 0.4936633409025727, ""mN"" -> 0.9382720883407865, ""g"" -> 0.7105738318775309, ""zNS"" -> 0.827185290871785, ""zSmBm"" -> 0.6363742467602318, ""PhiPdeg"" -> 41.716233823699355, ""PhiVdeg"" -> 3.3034294489633296|>"
"<|""Run"" -> 2, ""Seed"" -> 12347, ""BestYukawa2Cs2Ms6MB2"" -> 0.00009042424242424242, ""BestLoss"" -> 1.5581340333388178, ""CoarseBestY"" -> 0.0000909090909090909, ""Alpha"" -> 0.007297525658077995, ""GammaTotal"" -> 1.3307895475562333*^-6, ""mPi"" -> 0.13497661064643987, ""MEta"" -> 0.5478431460984443, ""mRho"" -> 0.7752820712864578, ""mOmega"" -> 0.7824972755692817, ""mPhi"" -> 1.0194542440583787, ""GammaRho"" -> 0.1497936775907217, ""GammaOmega"" -> 0.008731168744306825, ""GammaPhi"" -> 0.004258259165160358, ""mKP"" -> 0.4936458639072513, ""mN"" -> 0.9382720880221249, ""g"" -> 0.7182638387662469, ""zNS"" -> 0.781505433210454, ""zSmBm"" -> 0.6766873893203653, ""PhiPdeg"" -> 41.542342277867924, ""PhiVdeg"" -> 3.4260365650382676|>"
"<|""Run"" -> 3, ""Seed"" -> 12348, ""BestYukawa2Cs2Ms6MB2"" -> 0.00008078787878787878, ""BestLoss"" -> 1.575224815170622, ""CoarseBestY"" -> 0.0000803030303030303, ""Alpha"" -> 0.007297525705552024, ""GammaTotal"" -> 1.2266109490513874*^-6, ""mPi"" -> 0.13497557294277102, ""MEta"" -> 0.5478447844303052, ""mRho"" -> 0.775304922237914, ""mOmega"" -> 0.7826489858785446, ""mPhi"" -> 1.0194454856500985, ""GammaRho"" -> 0.1497864181593989, ""GammaOmega"" -> 0.008767523438316932, ""GammaPhi"" -> 0.004231888051263236, ""mKP"" -> 0.4936809477060065, ""mN"" -> 0.9382720882665904, ""g"" -> 0.6959155907537472, ""zNS"" -> 0.8616319950096867, ""zSmBm"" -> 0.6579682205382529, ""PhiPdeg"" -> 41.905253171924066, ""PhiVdeg"" -> 3.359109809853837|>"
"<|""Run"" -> 4, ""Seed"" -> 12349, ""BestYukawa2Cs2Ms6MB2"" -> 0.00006757575757575758, ""BestLoss"" -> 1.6481399667907821, ""CoarseBestY"" -> 0.00006818181818181818, ""Alpha"" -> 0.007297525681173065, ""GammaTotal"" -> 1.2642042354406993*^-6, ""mPi"" -> 0.1349773013237347, ""MEta"" -> 0.5478447078134314, ""mRho"" -> 0.7749703815111819, ""mOmega"" -> 0.782574476091314, ""mPhi"" -> 1.0194634535882932, ""GammaRho"" -> 0.14859804646844307, ""GammaOmega"" -> 0.008744532917983331, ""GammaPhi"" -> 0.004254354275904692, ""mKP"" -> 0.4936904976287835, ""mN"" -> 0.9382720877786367, ""g"" -> 0.7204539511113769, ""zNS"" -> 0.8396433294817497, ""zSmBm"" -> 0.6441466838790294, ""PhiPdeg"" -> 41.5030217321634, ""PhiVdeg"" -> 3.3611935338018424|>"
"<|""Run"" -> 5, ""Seed"" -> 12350, ""BestYukawa2Cs2Ms6MB2"" -> 0.00008054545454545455, ""BestLoss"" -> 1.5444965321789597, ""CoarseBestY"" -> 0.0000803030303030303, ""Alpha"" -> 0.007297525664248973, ""GammaTotal"" -> 1.2920034080305793*^-6, ""mPi"" -> 0.134976517242862, ""MEta"" -> 0.5478576974262225, ""mRho"" -> 0.7751584495288135, ""mOmega"" -> 0.7825471408807673, ""mPhi"" -> 1.0194540890574975, ""GammaRho"" -> 0.149236135537671, ""GammaOmega"" -> 0.008795810708717924, ""GammaPhi"" -> 0.00423837426732767, ""mKP"" -> 0.49365124750537065, ""mN"" -> 0.9382720885823557, ""g"" -> 0.7107529388181432, ""zNS"" -> 0.8377570136543009, ""zSmBm"" -> 0.655166455622454, ""PhiPdeg"" -> 42.668826846586875, ""PhiVdeg"" -> 3.418549947298604|>"
"<|""Run"" -> 6, ""Seed"" -> 12351, ""BestYukawa2Cs2Ms6MB2"" -> 0.00009963636363636365, ""BestLoss"" -> 1.5589381397675646, ""CoarseBestY"" -> 0.0001, ""Alpha"" -> 0.007297525667716245, ""GammaTotal"" -> 1.275760515974047*^-6, ""mPi"" -> 0.13497652749091546, ""MEta"" -> 0.5478477475776252, ""mRho"" -> 0.775332217919759, ""mOmega"" -> 0.7827088462228659, ""mPhi"" -> 1.0194536792900974, ""GammaRho"" -> 0.1495906483953397, ""GammaOmega"" -> 0.008634610795791482, ""GammaPhi"" -> 0.004242911857629632, ""mKP"" -> 0.49370782665526497, ""mN"" -> 0.9382720877021343, ""g"" -> 0.6794324896847199, ""zNS"" -> 0.831553322389736, ""zSmBm"" -> 0.6673703521877251, ""PhiPdeg"" -> 40.74244586084086, ""PhiVdeg"" -> 3.324917990482627|>"
"<|""Run"" -> 7, ""Seed"" -> 12352, ""BestYukawa2Cs2Ms6MB2"" -> 0.00009393939393939393, ""BestLoss"" -> 1.5380567829254865, ""CoarseBestY"" -> 0.00009393939393939393, ""Alpha"" -> 0.007297525691217491, ""GammaTotal"" -> 1.360233748137995*^-6, ""mPi"" -> 0.13497666825873889, ""MEta"" -> 0.5478432938701296, ""mRho"" -> 0.774886536589777, ""mOmega"" -> 0.7826721036178117, ""mPhi"" -> 1.019464809673484, ""GammaRho"" -> 0.14851332289360297, ""GammaOmega"" -> 0.008832502719720628, ""GammaPhi"" -> 0.004252824098630256, ""mKP"" -> 0.49365387317513454, ""mN"" -> 0.9382720879967497, ""g"" -> 0.6900355308345547, ""zNS"" -> 0.8331979821173794, ""zSmBm"" -> 0.6366420683960449, ""PhiPdeg"" -> 41.712861602875094, ""PhiVdeg"" -> 3.3885023363083757|>"
"<|""Run"" -> 8, ""Seed"" -> 12353, ""BestYukawa2Cs2Ms6MB2"" -> 0.00008763636363636364, ""BestLoss"" -> 1.560827860507111, ""CoarseBestY"" -> 0.00008787878787878787, ""Alpha"" -> 0.0072975256877659544, ""GammaTotal"" -> 1.266451646161737*^-6, ""mPi"" -> 0.13497658451961525, ""MEta"" -> 0.5478703491658486, ""mRho"" -> 0.775399052231839, ""mOmega"" -> 0.7826650244456592, ""mPhi"" -> 1.019472152914873, ""GammaRho"" -> 0.1505804415245191, ""GammaOmega"" -> 0.00864204416263368, ""GammaPhi"" -> 0.004249601796036664, ""mKP"" -> 0.4936368156226859, ""mN"" -> 0.9382720877401031, ""g"" -> 0.6979187706852119, ""zNS"" -> 0.8314500375879068, ""zSmBm"" -> 0.6498082014487269, ""PhiPdeg"" -> 41.635567073501115, ""PhiVdeg"" -> 3.2450269366233577|>"
"<|""Run"" -> 9, ""Seed"" -> 12354, ""BestYukawa2Cs2Ms6MB2"" -> 0.00009054545454545455, ""BestLoss"" -> 1.572080759444479, ""CoarseBestY"" -> 0.0000909090909090909, ""Alpha"" -> 0.007297525630130475, ""GammaTotal"" -> 1.1982912192394387*^-6, ""mPi"" -> 0.13497726115237468, ""MEta"" -> 0.5478729205415831, ""mRho"" -> 0.7747542672577624, ""mOmega"" -> 0.7825952567752253, ""mPhi"" -> 1.0194370186181425, ""GammaRho"" -> 0.1477122478146387, ""GammaOmega"" -> 0.008327802504387293, ""GammaPhi"" -> 0.004230431193151596, ""mKP"" -> 0.49366821108887315, ""mN"" -> 0.9382720882705138, ""g"" -> 0.6954822922511574, ""zNS"" -> 0.8229485164335506, ""zSmBm"" -> 0.6543786653776217, ""PhiPdeg"" -> 41.17719484202813, ""PhiVdeg"" -> 3.2657983597793785|>"
"<|""Run"" -> 10, ""Seed"" -> 12355, ""BestYukawa2Cs2Ms6MB2"" -> 0.00007715151515151516, ""BestLoss"" -> 1.5960232437006785, ""CoarseBestY"" -> 0.00007727272727272729, ""Alpha"" -> 0.007297525654387566, ""GammaTotal"" -> 1.312696540032813*^-6, ""mPi"" -> 0.1349764787232724, ""MEta"" -> 0.5478626137383367, ""mRho"" -> 0.7756590357229892, ""mOmega"" -> 0.7825403819431859, ""mPhi"" -> 1.0194824372844735, ""GammaRho"" -> 0.148915896709379, ""GammaOmega"" -> 0.008641323292622608, ""GammaPhi"" -> 0.004246445495159035, ""mKP"" -> 0.4936892814022363, ""mN"" -> 0.938272088478666, ""g"" -> 0.7108741641820727, ""zNS"" -> 0.8343293107692125, ""zSmBm"" -> 0.6497641093273567, ""PhiPdeg"" -> 41.71894149254865, ""PhiVdeg"" -> 3.2704695918903153|>"
"<|""Run"" -> 11, ""Seed"" -> 12356, ""BestYukawa2Cs2Ms6MB2"" -> 0.00008696969696969696, ""BestLoss"" -> 1.585550845385536, ""CoarseBestY"" -> 0.00008636363636363636, ""Alpha"" -> 0.007297525677533678, ""GammaTotal"" -> 1.3388729853171255*^-6, ""mPi"" -> 0.1349764823938687, ""MEta"" -> 0.5478570203357618, ""mRho"" -> 0.7748250640399772, ""mOmega"" -> 0.7826460774266578, ""mPhi"" -> 1.0194679282586863, ""GammaRho"" -> 0.1494219347612036, ""GammaOmega"" -> 0.008542443068393829, ""GammaPhi"" -> 0.004240629310596142, ""mKP"" -> 0.4936813612918922, ""mN"" -> 0.9382720880221839, ""g"" -> 0.7051857203154089, ""zNS"" -> 0.8101639465108093, ""zSmBm"" -> 0.6320431818883925, ""PhiPdeg"" -> 41.15019349693334, ""PhiVdeg"" -> 3.2904915850947782|>"
"<|""Run"" -> 12, ""Seed"" -> 12357, ""BestYukawa2Cs2Ms6MB2"" -> 0.00010254545454545455, ""BestLoss"" -> 1.5411838665458548, ""CoarseBestY"" -> 0.00010303030303030303, ""Alpha"" -> 0.007297525646919715, ""GammaTotal"" -> 1.292478391552499*^-6, ""mPi"" -> 0.13497658757693307, ""MEta"" -> 0.5478717193629419, ""mRho"" -> 0.7751096795196504, ""mOmega"" -> 0.782513267997086, ""mPhi"" -> 1.0194658965907646, ""GammaRho"" -> 0.14810955093588232, ""GammaOmega"" -> 0.008597526167508047, ""GammaPhi"" -> 0.0042521981805212945, ""mKP"" -> 0.49367636418992594, ""mN"" -> 0.9382720886555552, ""g"" -> 0.6974123508097861, ""zNS"" -> 0.7834179834919309, ""zSmBm"" -> 0.6756319654699763, ""PhiPdeg"" -> 40.962059564655526, ""PhiVdeg"" -> 3.1103253530072097|>"
"<|""Run"" -> 13, ""Seed"" -> 12358, ""BestYukawa2Cs2Ms6MB2"" -> 0.0000826060606060606, ""BestLoss"" -> 1.5975504771845663, ""CoarseBestY"" -> 0.00008333333333333333, ""Alpha"" -> 0.007297525648283063, ""GammaTotal"" -> 1.2705845981580502*^-6, ""mPi"" -> 0.13497624292208377, ""MEta"" -> 0.547846694892898, ""mRho"" -> 0.7749710668554449, ""mOmega"" -> 0.7829415495943345, ""mPhi"" -> 1.019461247176289, ""GammaRho"" -> 0.1501161800193317, ""GammaOmega"" -> 0.008827052626669414, ""GammaPhi"" -> 0.00424931552322041, ""mKP"" -> 0.49367211233148744, ""mN"" -> 0.938272088166405, ""g"" -> 0.7085742235517711, ""zNS"" -> 0.8165904228959763, ""zSmBm"" -> 0.656872131589608, ""PhiPdeg"" -> 41.22788441329996, ""PhiVdeg"" -> 3.185182667584623|>"
"<|""Run"" -> 14, ""Seed"" -> 12359, ""BestYukawa2Cs2Ms6MB2"" -> 0.00010393939393939393, ""BestLoss"" -> 1.5359969805803617, ""CoarseBestY"" -> 0.00010454545454545455, ""Alpha"" -> 0.007297525663542482, ""GammaTotal"" -> 1.280520199511731*^-6, ""mPi"" -> 0.13497647321437153, ""MEta"" -> 0.547868437113558, ""mRho"" -> 0.7748916832010151, ""mOmega"" -> 0.7827001127512462, ""mPhi"" -> 1.0194728836428373, ""GammaRho"" -> 0.14839697485536646, ""GammaOmega"" -> 0.008737271557207509, ""GammaPhi"" -> 0.004243318062938917, ""mKP"" -> 0.49365705840216245, ""mN"" -> 0.9382720881556247, ""g"" -> 0.6773540636599829, ""zNS"" -> 0.8262896509324389, ""zSmBm"" -> 0.6533943767597478, ""PhiPdeg"" -> 40.989996054196666, ""PhiVdeg"" -> 3.2990765499002728|>"
"<|""Run"" -> 15, ""Seed"" -> 12360, ""BestYukawa2Cs2Ms6MB2"" -> 0.00008878787878787879, ""BestLoss"" -> 1.575445044888038, ""CoarseBestY"" -> 0.00008939393939393939, ""Alpha"" -> 0.007297525680392847, ""GammaTotal"" -> 1.3013470438325269*^-6, ""mPi"" -> 0.13497743786231306, ""MEta"" -> 0.5478764070494784, ""mRho"" -> 0.7752560212491809, ""mOmega"" -> 0.7827545861639821, ""mPhi"" -> 1.019467739210465, ""GammaRho"" -> 0.1492759035905452, ""GammaOmega"" -> 0.008636946180706146, ""GammaPhi"" -> 0.004261903290711876, ""mKP"" -> 0.4936925926558508, ""mN"" -> 0.9382720883821123, ""g"" -> 0.6957085426180283, ""zNS"" -> 0.8274130156525359, ""zSmBm"" -> 0.6458346617289791, ""PhiPdeg"" -> 41.189749333234644, ""PhiVdeg"" -> 3.242389897146647|>"
"<|""Run"" -> 16, ""Seed"" -> 12361, ""BestYukawa2Cs2Ms6MB2"" -> 0.00009836363636363635, ""BestLoss"" -> 1.5453304344956578, ""CoarseBestY"" -> 0.00009848484848484848, ""Alpha"" -> 0.007297525691643277, ""GammaTotal"" -> 1.2654917504829828*^-6, ""mPi"" -> 0.1349763959253128, ""MEta"" -> 0.547862278508865, ""mRho"" -> 0.7752045144571933, ""mOmega"" -> 0.782635111784226, ""mPhi"" -> 1.0194660650565963, ""GammaRho"" -> 0.15084496387136231, ""GammaOmega"" -> 0.0087426644833458, ""GammaPhi"" -> 0.004254987432605936, ""mKP"" -> 0.49368577143176934, ""mN"" -> 0.9382720885430692, ""g"" -> 0.6876063241807014, ""zNS"" -> 0.8188097749207193, ""zSmBm"" -> 0.657762463900894, ""PhiPdeg"" -> 41.15949254247749, ""PhiVdeg"" -> 3.1715890773706383|>"
"<|""Run"" -> 17, ""Seed"" -> 12362, ""BestYukawa2Cs2Ms6MB2"" -> 0.00008333333333333333, ""BestLoss"" -> 1.6447430457554542, ""CoarseBestY"" -> 0.00008333333333333333, ""Alpha"" -> 0.007297525665587516, ""GammaTotal"" -> 1.3088847568668603*^-6, ""mPi"" -> 0.1349777375890352, ""MEta"" -> 0.5478727179382225, ""mRho"" -> 0.7756533662920411, ""mOmega"" -> 0.782423016317467, ""mPhi"" -> 1.0194359258451442, ""GammaRho"" -> 0.14954655494535443, ""GammaOmega"" -> 0.008610799611696132, ""GammaPhi"" -> 0.004256261700439758, ""mKP"" -> 0.4936976868155725, ""mN"" -> 0.9382720879632804, ""g"" -> 0.7048582036621062, ""zNS"" -> 0.8111703933381414, ""zSmBm"" -> 0.6487915503015516, ""PhiPdeg"" -> 40.08762419584352, ""PhiVdeg"" -> 3.363415837203842|>"
"<|""Run"" -> 18, ""Seed"" -> 12363, ""BestYukawa2Cs2Ms6MB2"" -> 0.00008206060606060606, ""BestLoss"" -> 1.618509501066388, ""CoarseBestY"" -> 0.00008181818181818182, ""Alpha"" -> 0.0072975256502208945, ""GammaTotal"" -> 1.3830607643946772*^-6, ""mPi"" -> 0.1349774936014101, ""MEta"" -> 0.5478894399119806, ""mRho"" -> 0.7753537508709009, ""mOmega"" -> 0.7826294778343462, ""mPhi"" -> 1.0194651749483636, ""GammaRho"" -> 0.14926433373667838, ""GammaOmega"" -> 0.00852935973038857, ""GammaPhi"" -> 0.0042425655695958854, ""mKP"" -> 0.49366860619992087, ""mN"" -> 0.9382720879947727, ""g"" -> 0.6845720339289227, ""zNS"" -> 0.8676809280317905, ""zSmBm"" -> 0.6377078787890379, ""PhiPdeg"" -> 40.758989878551475, ""PhiVdeg"" -> 3.1792009878915555|>"
"<|""Run"" -> 19, ""Seed"" -> 12364, ""BestYukawa2Cs2Ms6MB2"" -> 0.00006715151515151515, ""BestLoss"" -> 1.6473124614010022, ""CoarseBestY"" -> 0.00006666666666666667, ""Alpha"" -> 0.007297525678052421, ""GammaTotal"" -> 1.3489744346441327*^-6, ""mPi"" -> 0.13497715161304366, ""MEta"" -> 0.5478358533015697, ""mRho"" -> 0.77550668093138, ""mOmega"" -> 0.7827113452707762, ""mPhi"" -> 1.019461734866242, ""GammaRho"" -> 0.149332010504423, ""GammaOmega"" -> 0.008885599046551961, ""GammaPhi"" -> 0.004264598415513405, ""mKP"" -> 0.4936899899892971, ""mN"" -> 0.9382720881805917, ""g"" -> 0.7262804668312893, ""zNS"" -> 0.8301094968165269, ""zSmBm"" -> 0.668003841464988, ""PhiPdeg"" -> 41.535932826707075, ""PhiVdeg"" -> 3.3446281525685686|>"
"<|""Run"" -> 20, ""Seed"" -> 12365, ""BestYukawa2Cs2Ms6MB2"" -> 0.00009533333333333334, ""BestLoss"" -> 1.569953266329839, ""CoarseBestY"" -> 0.00009545454545454546, ""Alpha"" -> 0.007297525638021045, ""GammaTotal"" -> 1.3292288323534506*^-6, ""mPi"" -> 0.13497651561388516, ""MEta"" -> 0.5478567984478854, ""mRho"" -> 0.7755240407784513, ""mOmega"" -> 0.7826880333317265, ""mPhi"" -> 1.019443798915941, ""GammaRho"" -> 0.14877158543934751, ""GammaOmega"" -> 0.008816498461163873, ""GammaPhi"" -> 0.004253602282512962, ""mKP"" -> 0.493656440300075, ""mN"" -> 0.9382720884891341, ""g"" -> 0.6903932950419972, ""zNS"" -> 0.8193140434394828, ""zSmBm"" -> 0.6572645537759406, ""PhiPdeg"" -> 40.815958134640724, ""PhiVdeg"" -> 3.399899963787616|>"
"<|""Run"" -> 21, ""Seed"" -> 12366, ""BestYukawa2Cs2Ms6MB2"" -> 0.00008575757575757576, ""BestLoss"" -> 1.564757465246847, ""CoarseBestY"" -> 0.00008636363636363636, ""Alpha"" -> 0.007297525663088192, ""GammaTotal"" -> 1.2236814367599828*^-6, ""mPi"" -> 0.13497665301179326, ""MEta"" -> 0.5478759898598341, ""mRho"" -> 0.7749124471700181, ""mOmega"" -> 0.78287894100852, ""mPhi"" -> 1.0194400192785755, ""GammaRho"" -> 0.1477351458894209, ""GammaOmega"" -> 0.008356565004198608, ""GammaPhi"" -> 0.004233489719484373, ""mKP"" -> 0.4936630304358489, ""mN"" -> 0.9382720883147416, ""g"" -> 0.6965157411397691, ""zNS"" -> 0.842612810716462, ""zSmBm"" -> 0.6508107431295426, ""PhiPdeg"" -> 41.72454523567635, ""PhiVdeg"" -> 3.4010768775982005|>"
"<|""Run"" -> 22, ""Seed"" -> 12367, ""BestYukawa2Cs2Ms6MB2"" -> 0.00008230303030303031, ""BestLoss"" -> 1.6157515858240707, ""CoarseBestY"" -> 0.00008181818181818182, ""Alpha"" -> 0.007297525681342057, ""GammaTotal"" -> 1.2816718263101534*^-6, ""mPi"" -> 0.13497609238590877, ""MEta"" -> 0.54785379551661, ""mRho"" -> 0.7753031528221153, ""mOmega"" -> 0.7826182287185532, ""mPhi"" -> 1.0194868613800994, ""GammaRho"" -> 0.14993949057196007, ""GammaOmega"" -> 0.008672607201039706, ""GammaPhi"" -> 0.004265358539708322, ""mKP"" -> 0.4936717775641606, ""mN"" -> 0.9382720876468227, ""g"" -> 0.6956970251856222, ""zNS"" -> 0.8439764918629188, ""zSmBm"" -> 0.6542508536596471, ""PhiPdeg"" -> 40.84166917052846, ""PhiVdeg"" -> 3.3604205511386707|>"
"<|""Run"" -> 23, ""Seed"" -> 12368, ""BestYukawa2Cs2Ms6MB2"" -> 0.0000676969696969697, ""BestLoss"" -> 1.6304470672955593, ""CoarseBestY"" -> 0.00006818181818181818, ""Alpha"" -> 0.007297525653404863, ""GammaTotal"" -> 1.2788653161780553*^-6, ""mPi"" -> 0.13497631223941667, ""MEta"" -> 0.5478542392422447, ""mRho"" -> 0.775269012903955, ""mOmega"" -> 0.7828571554966115, ""mPhi"" -> 1.0194562029510585, ""GammaRho"" -> 0.14846493757536658, ""GammaOmega"" -> 0.008636136353477016, ""GammaPhi"" -> 0.004241774286313887, ""mKP"" -> 0.49367607713197764, ""mN"" -> 0.9382720882247075, ""g"" -> 0.7190906718588052, ""zNS"" -> 0.8445805635379663, ""zSmBm"" -> 0.6320050721294295, ""PhiPdeg"" -> 41.83176686949824, ""PhiVdeg"" -> 3.1768483855042318|>"
"<|""Run"" -> 24, ""Seed"" -> 12369, ""BestYukawa2Cs2Ms6MB2"" -> 0.00008206060606060606, ""BestLoss"" -> 1.60357050240171, ""CoarseBestY"" -> 0.00008181818181818182, ""Alpha"" -> 0.007297525673542002, ""GammaTotal"" -> 1.4340535171818897*^-6, ""mPi"" -> 0.13497639306932593, ""MEta"" -> 0.5478666356886449, ""mRho"" -> 0.7756832822237388, ""mOmega"" -> 0.7824959525090649, ""mPhi"" -> 1.0194244082182369, ""GammaRho"" -> 0.14967349365171254, ""GammaOmega"" -> 0.008601942178924075, ""GammaPhi"" -> 0.004245742503687061, ""mKP"" -> 0.4936698356506433, ""mN"" -> 0.9382720883605621, ""g"" -> 0.7024380459447483, ""zNS"" -> 0.8341130910705911, ""zSmBm"" -> 0.6598511317482776, ""PhiPdeg"" -> 41.1335402158426, ""PhiVdeg"" -> 3.4406965708089077|>"
"<|""Run"" -> 25, ""Seed"" -> 12370, ""BestYukawa2Cs2Ms6MB2"" -> 0.00008296969696969697, ""BestLoss"" -> 1.5749080661966302, ""CoarseBestY"" -> 0.00008333333333333333, ""Alpha"" -> 0.007297525643075292, ""GammaTotal"" -> 1.3321749363109844*^-6, ""mPi"" -> 0.13497722154661537, ""MEta"" -> 0.5478359580187914, ""mRho"" -> 0.7753049734737327, ""mOmega"" -> 0.7827580631409439, ""mPhi"" -> 1.0194305344889638, ""GammaRho"" -> 0.148514868468014, ""GammaOmega"" -> 0.008776641233411887, ""GammaPhi"" -> 0.004244827249541952, ""mKP"" -> 0.49367945675849534, ""mN"" -> 0.9382720884592479, ""g"" -> 0.6961810015655537, ""zNS"" -> 0.8501833049925139, ""zSmBm"" -> 0.6248383413499291, ""PhiPdeg"" -> 41.709782347151126, ""PhiVdeg"" -> 3.3476766461228245|>"
"<|""Run"" -> 26, ""Seed"" -> 12371, ""BestYukawa2Cs2Ms6MB2"" -> 0.00008915151515151516, ""BestLoss"" -> 1.6054516487315125, ""CoarseBestY"" -> 0.00008939393939393939, ""Alpha"" -> 0.007297525669227191, ""GammaTotal"" -> 1.2293203551840192*^-6, ""mPi"" -> 0.13497663395227305, ""MEta"" -> 0.5478583771878054, ""mRho"" -> 0.774889265056634, ""mOmega"" -> 0.7825538613370123, ""mPhi"" -> 1.019457779576177, ""GammaRho"" -> 0.1497320145062832, ""GammaOmega"" -> 0.008696719835056167, ""GammaPhi"" -> 0.0042488028241371885, ""mKP"" -> 0.49366023818282445, ""mN"" -> 0.9382720879843277, ""g"" -> 0.7047351838375762, ""zNS"" -> 0.7978167973917084, ""zSmBm"" -> 0.6424606511321995, ""PhiPdeg"" -> 40.524960517270834, ""PhiVdeg"" -> 3.20713632279766|>"
"<|""Run"" -> 27, ""Seed"" -> 12372, ""BestYukawa2Cs2Ms6MB2"" -> 0.00008078787878787878, ""BestLoss"" -> 1.5575251874967875, ""CoarseBestY"" -> 0.0000803030303030303, ""Alpha"" -> 0.007297525662892644, ""GammaTotal"" -> 1.2508608042300894*^-6, ""mPi"" -> 0.13497674990551925, ""MEta"" -> 0.5478705807155941, ""mRho"" -> 0.7752952263802584, ""mOmega"" -> 0.7828424504329503, ""mPhi"" -> 1.0195041706971075, ""GammaRho"" -> 0.14849195428388343, ""GammaOmega"" -> 0.0084826863467908, ""GammaPhi"" -> 0.004243315872966186, ""mKP"" -> 0.4936842142606626, ""mN"" -> 0.938272087796948, ""g"" -> 0.7157847313599429, ""zNS"" -> 0.8200364393077099, ""zSmBm"" -> 0.6429655621859096, ""PhiPdeg"" -> 42.29884944662055, ""PhiVdeg"" -> 3.346508828452844|>"
"<|""Run"" -> 28, ""Seed"" -> 12373, ""BestYukawa2Cs2Ms6MB2"" -> 0.0000927878787878788, ""BestLoss"" -> 1.5648332943763144, ""CoarseBestY"" -> 0.00009242424242424243, ""Alpha"" -> 0.007297525654382621, ""GammaTotal"" -> 1.3550543818255488*^-6, ""mPi"" -> 0.1349769636513741, ""MEta"" -> 0.5478779217018476, ""mRho"" -> 0.7754695158000293, ""mOmega"" -> 0.7826384116146633, ""mPhi"" -> 1.0194841576780036, ""GammaRho"" -> 0.15008831453946567, ""GammaOmega"" -> 0.00836010208319602, ""GammaPhi"" -> 0.004231645218426468, ""mKP"" -> 0.4936652516311142, ""mN"" -> 0.9382720877678244, ""g"" -> 0.7093216219995228, ""zNS"" -> 0.7882910651029243, ""zSmBm"" -> 0.6400782089997255, ""PhiPdeg"" -> 41.146384471475514, ""PhiVdeg"" -> 3.4770167708773676|>"
"<|""Run"" -> 29, ""Seed"" -> 12374, ""BestYukawa2Cs2Ms6MB2"" -> 0.00007096969696969698, ""BestLoss"" -> 1.658647620517904, ""CoarseBestY"" -> 0.00007121212121212121, ""Alpha"" -> 0.0072975256829503074, ""GammaTotal"" -> 1.365927177615896*^-6, ""mPi"" -> 0.1349766957775962, ""MEta"" -> 0.547883034121097, ""mRho"" -> 0.7750454554048152, ""mOmega"" -> 0.7826048511316144, ""mPhi"" -> 1.019463261976491, ""GammaRho"" -> 0.14947415381418477, ""GammaOmega"" -> 0.008661746454264091, ""GammaPhi"" -> 0.004260378919634429, ""mKP"" -> 0.49370271451674586, ""mN"" -> 0.9382720884460526, ""g"" -> 0.7054710672513225, ""zNS"" -> 0.8549575102948791, ""zSmBm"" -> 0.6476396170877282, ""PhiPdeg"" -> 40.8984373558888, ""PhiVdeg"" -> 3.282983616417952|>"
"<|""Run"" -> 30, ""Seed"" -> 12375, ""BestYukawa2Cs2Ms6MB2"" -> 0.00008381818181818181, ""BestLoss"" -> 1.6214810554137997, ""CoarseBestY"" -> 0.00008333333333333333, ""Alpha"" -> 0.0072975256421014085, ""GammaTotal"" -> 1.323991027270396*^-6, ""mPi"" -> 0.13497587896168056, ""MEta"" -> 0.5478661956800901, ""mRho"" -> 0.775341438389432, ""mOmega"" -> 0.7827848633635582, ""mPhi"" -> 1.0194588528968789, ""GammaRho"" -> 0.1493613756081054, ""GammaOmega"" -> 0.008825781019973432, ""GammaPhi"" -> 0.004261314441942984, ""mKP"" -> 0.4937013084130791, ""mN"" -> 0.9382720879686123, ""g"" -> 0.6908436122648318, ""zNS"" -> 0.8483630620242617, ""zSmBm"" -> 0.6492915495057415, ""PhiPdeg"" -> 40.56698895288044, ""PhiVdeg"" -> 3.444351933148747|>"
"<|""Run"" -> 31, ""Seed"" -> 12376, ""BestYukawa2Cs2Ms6MB2"" -> 0.00007806060606060605, ""BestLoss"" -> 1.5991777293677352, ""CoarseBestY"" -> 0.00007878787878787879, ""Alpha"" -> 0.007297525673410085, ""GammaTotal"" -> 1.2962902049156424*^-6, ""mPi"" -> 0.13497737931266837, ""MEta"" -> 0.5478635331702005, ""mRho"" -> 0.7750167958775417, ""mOmega"" -> 0.7827211919931706, ""mPhi"" -> 1.0194334310748883, ""GammaRho"" -> 0.1481886959106019, ""GammaOmega"" -> 0.008407197803412298, ""GammaPhi"" -> 0.0042246294889528736, ""mKP"" -> 0.4936977439458007, ""mN"" -> 0.9382720881717975, ""g"" -> 0.7036626519926646, ""zNS"" -> 0.846943542960956, ""zSmBm"" -> 0.6596574897941825, ""PhiPdeg"" -> 41.59327964136777, ""PhiVdeg"" -> 3.325478435707368|>"
"<|""Run"" -> 32, ""Seed"" -> 12377, ""BestYukawa2Cs2Ms6MB2"" -> 0.00007787878787878789, ""BestLoss"" -> 1.6079715418779077, ""CoarseBestY"" -> 0.00007727272727272729, ""Alpha"" -> 0.007297525682850618, ""GammaTotal"" -> 1.3443049794361501*^-6, ""mPi"" -> 0.1349762429452555, ""MEta"" -> 0.5478603489180762, ""mRho"" -> 0.7754379364249291, ""mOmega"" -> 0.7825434746136452, ""mPhi"" -> 1.0194254220167598, ""GammaRho"" -> 0.14898929773823474, ""GammaOmega"" -> 0.00867102502738951, ""GammaPhi"" -> 0.0042602975533250565, ""mKP"" -> 0.4936517770056029, ""mN"" -> 0.9382720878984038, ""g"" -> 0.7090525239637147, ""zNS"" -> 0.8336178614276274, ""zSmBm"" -> 0.6650150045689652, ""PhiPdeg"" -> 41.4077066243243, ""PhiVdeg"" -> 3.3433050857764255|>"
"<|""Run"" -> 33, ""Seed"" -> 12378, ""BestYukawa2Cs2Ms6MB2"" -> 0.0001009090909090909, ""BestLoss"" -> 1.5050455870458013, ""CoarseBestY"" -> 0.0001015151515151515, ""Alpha"" -> 0.007297525652792076, ""GammaTotal"" -> 1.2500840469093083*^-6, ""mPi"" -> 0.13497663542642982, ""MEta"" -> 0.5478530212678022, ""mRho"" -> 0.7750225489171279, ""mOmega"" -> 0.7827023728556868, ""mPhi"" -> 1.0194533783801343, ""GammaRho"" -> 0.14869906524983448, ""GammaOmega"" -> 0.008817923562776258, ""GammaPhi"" -> 0.004243190095799144, ""mKP"" -> 0.49367101900639343, ""mN"" -> 0.9382720883960549, ""g"" -> 0.6963470947054163, ""zNS"" -> 0.8031479142990023, ""zSmBm"" -> 0.6570503424438532, ""PhiPdeg"" -> 41.9714869491503, ""PhiVdeg"" -> 3.2805535136675|>"
"<|""Run"" -> 34, ""Seed"" -> 12379, ""BestYukawa2Cs2Ms6MB2"" -> 0.00009345454545454545, ""BestLoss"" -> 1.5199021106343658, ""CoarseBestY"" -> 0.00009393939393939393, ""Alpha"" -> 0.007297525670333258, ""GammaTotal"" -> 1.2443406157509173*^-6, ""mPi"" -> 0.1349766708198839, ""MEta"" -> 0.5478700790767578, ""mRho"" -> 0.7753893815550685, ""mOmega"" -> 0.7825696530468935, ""mPhi"" -> 1.0194549622941942, ""GammaRho"" -> 0.14843660097359643, ""GammaOmega"" -> 0.008699611405342178, ""GammaPhi"" -> 0.004242525786684624, ""mKP"" -> 0.4936688730832424, ""mN"" -> 0.9382720885934934, ""g"" -> 0.6984876648865409, ""zNS"" -> 0.8206667233191823, ""zSmBm"" -> 0.6488848022723184, ""PhiPdeg"" -> 42.15496680793995, ""PhiVdeg"" -> 3.300411970813716|>"
"<|""Run"" -> 35, ""Seed"" -> 12380, ""BestYukawa2Cs2Ms6MB2"" -> 0.00010163636363636363, ""BestLoss"" -> 1.5045863529896257, ""CoarseBestY"" -> 0.0001015151515151515, ""Alpha"" -> 0.007297525633977047, ""GammaTotal"" -> 1.3335798218665429*^-6, ""mPi"" -> 0.13497692983748183, ""MEta"" -> 0.5479001113043092, ""mRho"" -> 0.7756702828898229, ""mOmega"" -> 0.7826323552934458, ""mPhi"" -> 1.0194322777992222, ""GammaRho"" -> 0.14995057401384673, ""GammaOmega"" -> 0.008684113968188207, ""GammaPhi"" -> 0.004235227900897396, ""mKP"" -> 0.49365455851282, ""mN"" -> 0.9382720883724442, ""g"" -> 0.6870028290973377, ""zNS"" -> 0.8209493710783629, ""zSmBm"" -> 0.641790257717904, ""PhiPdeg"" -> 41.863236107823134, ""PhiVdeg"" -> 3.3633218510753675|>"
"<|""Run"" -> 36, ""Seed"" -> 12381, ""BestYukawa2Cs2Ms6MB2"" -> 0.00008284848484848485, ""BestLoss"" -> 1.572217939507027, ""CoarseBestY"" -> 0.00008333333333333333, ""Alpha"" -> 0.007297525672660824, ""GammaTotal"" -> 1.423183699213654*^-6, ""mPi"" -> 0.1349764695429557, ""MEta"" -> 0.547858073892258, ""mRho"" -> 0.7747808080485571, ""mOmega"" -> 0.7829070212513387, ""mPhi"" -> 1.019459733872222, ""GammaRho"" -> 0.1481919347073093, ""GammaOmega"" -> 0.00871799261585756, ""GammaPhi"" -> 0.00425396541613621, ""mKP"" -> 0.4936704097256843, ""mN"" -> 0.9382720881735226, ""g"" -> 0.7104664031014502, ""zNS"" -> 0.8193856388513229, ""zSmBm"" -> 0.6432393284654427, ""PhiPdeg"" -> 41.815235310910474, ""PhiVdeg"" -> 3.309649498458579|>"
"<|""Run"" -> 37, ""Seed"" -> 12382, ""BestYukawa2Cs2Ms6MB2"" -> 0.00007412121212121213, ""BestLoss"" -> 1.622576864441347, ""CoarseBestY"" -> 0.00007424242424242424, ""Alpha"" -> 0.007297525654050448, ""GammaTotal"" -> 1.3085807006355012*^-6, ""mPi"" -> 0.13497645472279238, ""MEta"" -> 0.5478602428647982, ""mRho"" -> 0.7751209551981185, ""mOmega"" -> 0.7826007323456798, ""mPhi"" -> 1.019462947119699, ""GammaRho"" -> 0.1481049150502481, ""GammaOmega"" -> 0.008642973490545406, ""GammaPhi"" -> 0.0042483451803943095, ""mKP"" -> 0.4936761138627966, ""mN"" -> 0.9382720879684074, ""g"" -> 0.6999648501462774, ""zNS"" -> 0.8677883801804358, ""zSmBm"" -> 0.6641259419609068, ""PhiPdeg"" -> 41.437079698386206, ""PhiVdeg"" -> 3.4767252683193655|>"
"<|""Run"" -> 38, ""Seed"" -> 12383, ""BestYukawa2Cs2Ms6MB2"" -> 0.00010012121212121213, ""BestLoss"" -> 1.499977032899722, ""CoarseBestY"" -> 0.0001, ""Alpha"" -> 0.007297525652002617, ""GammaTotal"" -> 1.3624101127458766*^-6, ""mPi"" -> 0.1349769746065627, ""MEta"" -> 0.5478491337359787, ""mRho"" -> 0.7750082169555745, ""mOmega"" -> 0.7827153927506305, ""mPhi"" -> 1.0194314343696975, ""GammaRho"" -> 0.14792210281182996, ""GammaOmega"" -> 0.008870752573334561, ""GammaPhi"" -> 0.004265088861585692, ""mKP"" -> 0.4936560381348451, ""mN"" -> 0.9382720883446165, ""g"" -> 0.7006124570828531, ""zNS"" -> 0.7993025930712072, ""zSmBm"" -> 0.6594917950727752, ""PhiPdeg"" -> 42.172369646804746, ""PhiVdeg"" -> 3.3507586686667317|>"
"<|""Run"" -> 39, ""Seed"" -> 12384, ""BestYukawa2Cs2Ms6MB2"" -> 0.00008296969696969697, ""BestLoss"" -> 1.601785228621619, ""CoarseBestY"" -> 0.00008333333333333333, ""Alpha"" -> 0.007297525666313129, ""GammaTotal"" -> 1.386057827777421*^-6, ""mPi"" -> 0.13497584195761764, ""MEta"" -> 0.547882205463558, ""mRho"" -> 0.7754249860636441, ""mOmega"" -> 0.7823950733952847, ""mPhi"" -> 1.0194606890523328, ""GammaRho"" -> 0.14923965710944484, ""GammaOmega"" -> 0.008762375178248965, ""GammaPhi"" -> 0.004246191082920631, ""mKP"" -> 0.4936730237587859, ""mN"" -> 0.938272088229336, ""g"" -> 0.7052952593748314, ""zNS"" -> 0.8200862497777647, ""zSmBm"" -> 0.6313243391936465, ""PhiPdeg"" -> 41.07548776659997, ""PhiVdeg"" -> 3.239373163950603|>"
"<|""Run"" -> 40, ""Seed"" -> 12385, ""BestYukawa2Cs2Ms6MB2"" -> 0.00008381818181818181, ""BestLoss"" -> 1.5796159812284802, ""CoarseBestY"" -> 0.00008333333333333333, ""Alpha"" -> 0.007297525682759273, ""GammaTotal"" -> 1.414143676791168*^-6, ""mPi"" -> 0.13497685298451237, ""MEta"" -> 0.5478532921648444, ""mRho"" -> 0.7751183806277393, ""mOmega"" -> 0.7827409319385374, ""mPhi"" -> 1.0194555580572422, ""GammaRho"" -> 0.15008258143034212, ""GammaOmega"" -> 0.008673361777848885, ""GammaPhi"" -> 0.004251942328482096, ""mKP"" -> 0.49364616937463157, ""mN"" -> 0.9382720877327014, ""g"" -> 0.6919489476188834, ""zNS"" -> 0.8538375441728062, ""zSmBm"" -> 0.6480251653345213, ""PhiPdeg"" -> 41.525769019239114, ""PhiVdeg"" -> 3.11240416632547|>"
"<|""Run"" -> 41, ""Seed"" -> 12386, ""BestYukawa2Cs2Ms6MB2"" -> 0.00007878787878787879, ""BestLoss"" -> 1.6129526234169504, ""CoarseBestY"" -> 0.00007878787878787879, ""Alpha"" -> 0.007297525676914687, ""GammaTotal"" -> 1.2995610670816166*^-6, ""mPi"" -> 0.13497587436322794, ""MEta"" -> 0.547862394909645, ""mRho"" -> 0.7751563251365142, ""mOmega"" -> 0.7826701406351751, ""mPhi"" -> 1.0194514628082891, ""GammaRho"" -> 0.15019286832730275, ""GammaOmega"" -> 0.008656646290591609, ""GammaPhi"" -> 0.004271016625198642, ""mKP"" -> 0.49368232489200214, ""mN"" -> 0.9382720882250758, ""g"" -> 0.6996509576161407, ""zNS"" -> 0.8502657645157072, ""zSmBm"" -> 0.653332264674619, ""PhiPdeg"" -> 41.21577476319931, ""PhiVdeg"" -> 3.420431495089654|>"
"<|""Run"" -> 42, ""Seed"" -> 12387, ""BestYukawa2Cs2Ms6MB2"" -> 0.00009684848484848485, ""BestLoss"" -> 1.5147808852590239, ""CoarseBestY"" -> 0.00009696969696969698, ""Alpha"" -> 0.007297525690020784, ""GammaTotal"" -> 1.3177387945720221*^-6, ""mPi"" -> 0.1349770267184525, ""MEta"" -> 0.547831418622006, ""mRho"" -> 0.775006443088376, ""mOmega"" -> 0.7827785659533503, ""mPhi"" -> 1.019448406340411, ""GammaRho"" -> 0.14975750525413103, ""GammaOmega"" -> 0.008525161448864194, ""GammaPhi"" -> 0.004244991771036918, ""mKP"" -> 0.4936828156320116, ""mN"" -> 0.9382720883501182, ""g"" -> 0.6875029927804177, ""zNS"" -> 0.834601847019273, ""zSmBm"" -> 0.6471264553607646, ""PhiPdeg"" -> 42.03044264443665, ""PhiVdeg"" -> 3.2835262013166173|>"
"<|""Run"" -> 43, ""Seed"" -> 12388, ""BestYukawa2Cs2Ms6MB2"" -> 0.000088, ""BestLoss"" -> 1.5383336534903185, ""CoarseBestY"" -> 0.00008787878787878787, ""Alpha"" -> 0.007297525668030593, ""GammaTotal"" -> 1.2535821258687115*^-6, ""mPi"" -> 0.1349762977998039, ""MEta"" -> 0.547866214084757, ""mRho"" -> 0.7754159578326021, ""mOmega"" -> 0.7826709998779948, ""mPhi"" -> 1.0194542247773346, ""GammaRho"" -> 0.14998901300442544, ""GammaOmega"" -> 0.008586412975702326, ""GammaPhi"" -> 0.004247610110419645, ""mKP"" -> 0.49366430856414223, ""mN"" -> 0.9382720881802401, ""g"" -> 0.7029280211195391, ""zNS"" -> 0.8265917818765702, ""zSmBm"" -> 0.6539741913652314, ""PhiPdeg"" -> 42.14891458861965, ""PhiVdeg"" -> 3.3305972916675475|>"
"<|""Run"" -> 44, ""Seed"" -> 12389, ""BestYukawa2Cs2Ms6MB2"" -> 0.00009254545454545456, ""BestLoss"" -> 1.5177603578128336, ""CoarseBestY"" -> 0.00009242424242424243, ""Alpha"" -> 0.007297525667987198, ""GammaTotal"" -> 1.238525746626255*^-6, ""mPi"" -> 0.13497606488222805, ""MEta"" -> 0.5478546079850889, ""mRho"" -> 0.7755319390457084, ""mOmega"" -> 0.7827503469176795, ""mPhi"" -> 1.0194520556937214, ""GammaRho"" -> 0.1490336136910708, ""GammaOmega"" -> 0.008704698069590473, ""GammaPhi"" -> 0.004256008026574458, ""mKP"" -> 0.49367368853423194, ""mN"" -> 0.9382720879885839, ""g"" -> 0.7021158388926115, ""zNS"" -> 0.8174198509070305, ""zSmBm"" -> 0.6694231252405592, ""PhiPdeg"" -> 42.26896559855504, ""PhiVdeg"" -> 3.2794277756265204|>"
"<|""Run"" -> 45, ""Seed"" -> 12390, ""BestYukawa2Cs2Ms6MB2"" -> 0.0001070909090909091, ""BestLoss"" -> 1.499713594620537, ""CoarseBestY"" -> 0.00010757575757575758, ""Alpha"" -> 0.007297525680482601, ""GammaTotal"" -> 1.2884251116081762*^-6, ""mPi"" -> 0.13497663988087513, ""MEta"" -> 0.5478499851956418, ""mRho"" -> 0.7753742577821351, ""mOmega"" -> 0.7829409379408165, ""mPhi"" -> 1.0194422680086108, ""GammaRho"" -> 0.14915326917657667, ""GammaOmega"" -> 0.008866285047419013, ""GammaPhi"" -> 0.004236075377370292, ""mKP"" -> 0.49366023070801623, ""mN"" -> 0.9382720882393235, ""g"" -> 0.6834327877019845, ""zNS"" -> 0.8116557114128787, ""zSmBm"" -> 0.6469847599283765, ""PhiPdeg"" -> 41.61472460541945, ""PhiVdeg"" -> 3.2856106510225063|>"
"<|""Run"" -> 46, ""Seed"" -> 12391, ""BestYukawa2Cs2Ms6MB2"" -> 0.00010115151515151515, ""BestLoss"" -> 1.508088711290413, ""CoarseBestY"" -> 0.0001015151515151515, ""Alpha"" -> 0.007297525671925685, ""GammaTotal"" -> 1.244213950658071*^-6, ""mPi"" -> 0.1349762800573054, ""MEta"" -> 0.5478527641818631, ""mRho"" -> 0.7751246986272469, ""mOmega"" -> 0.782548081552643, ""mPhi"" -> 1.019455211309728, ""GammaRho"" -> 0.15082268885184372, ""GammaOmega"" -> 0.008835829310976847, ""GammaPhi"" -> 0.004251317180950505, ""mKP"" -> 0.4936584739392884, ""mN"" -> 0.9382720880099562, ""g"" -> 0.6965764384680778, ""zNS"" -> 0.8020549451933839, ""zSmBm"" -> 0.6465114845702195, ""PhiPdeg"" -> 41.886092275604575, ""PhiVdeg"" -> 3.4474898979795245|>"
"<|""Run"" -> 47, ""Seed"" -> 12392, ""BestYukawa2Cs2Ms6MB2"" -> 0.00009054545454545455, ""BestLoss"" -> 1.5745552774037597, ""CoarseBestY"" -> 0.0000909090909090909, ""Alpha"" -> 0.007297525675219825, ""GammaTotal"" -> 1.1635518664215724*^-6, ""mPi"" -> 0.13497665532164993, ""MEta"" -> 0.5478538592752888, ""mRho"" -> 0.7750049891777843, ""mOmega"" -> 0.7826145506247564, ""mPhi"" -> 1.0194758323980773, ""GammaRho"" -> 0.14879715723664713, ""GammaOmega"" -> 0.008758783458094329, ""GammaPhi"" -> 0.004253984432042466, ""mKP"" -> 0.4936831585107759, ""mN"" -> 0.9382720881062158, ""g"" -> 0.6891644367181115, ""zNS"" -> 0.8350419063250166, ""zSmBm"" -> 0.6442628732572466, ""PhiPdeg"" -> 41.09042375281968, ""PhiVdeg"" -> 3.1475627467280645|>"
"<|""Run"" -> 48, ""Seed"" -> 12393, ""BestYukawa2Cs2Ms6MB2"" -> 0.00008684848484848484, ""BestLoss"" -> 1.5634337146631014, ""CoarseBestY"" -> 0.00008636363636363636, ""Alpha"" -> 0.007297525615523553, ""GammaTotal"" -> 1.3235309415425282*^-6, ""mPi"" -> 0.1349768144682571, ""MEta"" -> 0.5478569856437863, ""mRho"" -> 0.7751309424347795, ""mOmega"" -> 0.7828835658543486, ""mPhi"" -> 1.0194702779081193, ""GammaRho"" -> 0.14896279095790046, ""GammaOmega"" -> 0.008756510494350084, ""GammaPhi"" -> 0.004243445286113633, ""mKP"" -> 0.49367428270961733, ""mN"" -> 0.9382720879790033, ""g"" -> 0.6933148304456539, ""zNS"" -> 0.8441453670528047, ""zSmBm"" -> 0.6356189229504693, ""PhiPdeg"" -> 41.641972901838116, ""PhiVdeg"" -> 3.27323373070046|>"
"<|""Run"" -> 49, ""Seed"" -> 12394, ""BestYukawa2Cs2Ms6MB2"" -> 0.0000812121212121212, ""BestLoss"" -> 1.611066692482618, ""CoarseBestY"" -> 0.00008181818181818182, ""Alpha"" -> 0.00729752565903844, ""GammaTotal"" -> 1.3418994248778144*^-6, ""mPi"" -> 0.13497678518457057, ""MEta"" -> 0.547866957574136, ""mRho"" -> 0.7757765907473873, ""mOmega"" -> 0.7825256829069718, ""mPhi"" -> 1.0194678012839593, ""GammaRho"" -> 0.14953842126207742, ""GammaOmega"" -> 0.008680223155891007, ""GammaPhi"" -> 0.004251722868378198, ""mKP"" -> 0.49368504292576376, ""mN"" -> 0.9382720878795096, ""g"" -> 0.6986737399074164, ""zNS"" -> 0.8438493014812162, ""zSmBm"" -> 0.6421710523171051, ""PhiPdeg"" -> 41.0205199766527, ""PhiVdeg"" -> 3.520402790488263|>"
"<|""Run"" -> 50, ""Seed"" -> 12395, ""BestYukawa2Cs2Ms6MB2"" -> 0.00006757575757575758, ""BestLoss"" -> 1.6575707330527152, ""CoarseBestY"" -> 0.00006818181818181818, ""Alpha"" -> 0.007297525676208351, ""GammaTotal"" -> 1.3429736963503042*^-6, ""mPi"" -> 0.13497634735137146, ""MEta"" -> 0.547881397957955, ""mRho"" -> 0.7750378410185866, ""mOmega"" -> 0.7824091263198993, ""mPhi"" -> 1.0194505446973774, ""GammaRho"" -> 0.14798438755373938, ""GammaOmega"" -> 0.008686609994261218, ""GammaPhi"" -> 0.0042469627047331295, ""mKP"" -> 0.4936859713629597, ""mN"" -> 0.9382720881101054, ""g"" -> 0.7196874196544223, ""zNS"" -> 0.8375522201071414, ""zSmBm"" -> 0.653210488374459, ""PhiPdeg"" -> 41.274022073255956, ""PhiVdeg"" -> 3.25248317453885|>"
"<|""Run"" -> 51, ""Seed"" -> 12396, ""BestYukawa2Cs2Ms6MB2"" -> 0.00007727272727272729, ""BestLoss"" -> 1.6174640274892773, ""CoarseBestY"" -> 0.00007727272727272729, ""Alpha"" -> 0.0072975257110545096, ""GammaTotal"" -> 1.2836931319957296*^-6, ""mPi"" -> 0.1349766921602563, ""MEta"" -> 0.5478357137513551, ""mRho"" -> 0.775327619652066, ""mOmega"" -> 0.7826886251225245, ""mPhi"" -> 1.0194818282707832, ""GammaRho"" -> 0.14856317759633617, ""GammaOmega"" -> 0.008626356797223539, ""GammaPhi"" -> 0.004236716128991408, ""mKP"" -> 0.4936415463565443, ""mN"" -> 0.9382720881238901, ""g"" -> 0.7072725065501396, ""zNS"" -> 0.8359138901653483, ""zSmBm"" -> 0.6432589177819262, ""PhiPdeg"" -> 41.253862917855365, ""PhiVdeg"" -> 3.233090315277849|>"
"<|""Run"" -> 52, ""Seed"" -> 12397, ""BestYukawa2Cs2Ms6MB2"" -> 0.00006793939393939395, ""BestLoss"" -> 1.6688064426172247, ""CoarseBestY"" -> 0.00006818181818181818, ""Alpha"" -> 0.007297525647255524, ""GammaTotal"" -> 1.3369340508186835*^-6, ""mPi"" -> 0.1349762548584821, ""MEta"" -> 0.5478708462398133, ""mRho"" -> 0.7753017484707436, ""mOmega"" -> 0.7826159934424017, ""mPhi"" -> 1.0194433856379208, ""GammaRho"" -> 0.14885790843743057, ""GammaOmega"" -> 0.008894721252252342, ""GammaPhi"" -> 0.004269470961080451, ""mKP"" -> 0.49369917699010724, ""mN"" -> 0.9382720881453577, ""g"" -> 0.7226917380463357, ""zNS"" -> 0.8269741834413432, ""zSmBm"" -> 0.6631541086108685, ""PhiPdeg"" -> 40.97496663187829, ""PhiVdeg"" -> 3.229153972644518|>"
"<|""Run"" -> 53, ""Seed"" -> 12398, ""BestYukawa2Cs2Ms6MB2"" -> 0.00007751515151515153, ""BestLoss"" -> 1.629042572130106, ""CoarseBestY"" -> 0.00007727272727272729, ""Alpha"" -> 0.007297525632601487, ""GammaTotal"" -> 1.3355061153803538*^-6, ""mPi"" -> 0.13497639198965733, ""MEta"" -> 0.5478835533252784, ""mRho"" -> 0.7752476494783043, ""mOmega"" -> 0.7826909498783536, ""mPhi"" -> 1.019451032497816, ""GammaRho"" -> 0.1489976357120307, ""GammaOmega"" -> 0.00877364574507496, ""GammaPhi"" -> 0.004229620168165647, ""mKP"" -> 0.49370037771466163, ""mN"" -> 0.9382720877229608, ""g"" -> 0.7068569589868997, ""zNS"" -> 0.8325708317974613, ""zSmBm"" -> 0.6584581337353098, ""PhiPdeg"" -> 40.93917965117158, ""PhiVdeg"" -> 3.255214838703864|>"
"<|""Run"" -> 54, ""Seed"" -> 12399, ""BestYukawa2Cs2Ms6MB2"" -> 0.00006793939393939395, ""BestLoss"" -> 1.6443035754308553, ""CoarseBestY"" -> 0.00006818181818181818, ""Alpha"" -> 0.007297525673780647, ""GammaTotal"" -> 1.3708112533612862*^-6, ""mPi"" -> 0.13497631032534216, ""MEta"" -> 0.5478635327516875, ""mRho"" -> 0.7754249636263312, ""mOmega"" -> 0.7827974365252613, ""mPhi"" -> 1.0194790585781794, ""GammaRho"" -> 0.15030992896347506, ""GammaOmega"" -> 0.008742513852122729, ""GammaPhi"" -> 0.0042923258388773665, ""mKP"" -> 0.4936581436786697, ""mN"" -> 0.9382720878607406, ""g"" -> 0.7105134712775658, ""zNS"" -> 0.8614429089286179, ""zSmBm"" -> 0.6566542428572474, ""PhiPdeg"" -> 41.494373270771156, ""PhiVdeg"" -> 3.2852087589311236|>"
"<|""Run"" -> 55, ""Seed"" -> 12400, ""BestYukawa2Cs2Ms6MB2"" -> 0.00008393939393939393, ""BestLoss"" -> 1.606355319182819, ""CoarseBestY"" -> 0.00008333333333333333, ""Alpha"" -> 0.007297525660264908, ""GammaTotal"" -> 1.396326188751336*^-6, ""mPi"" -> 0.1349762546950361, ""MEta"" -> 0.547841814111431, ""mRho"" -> 0.7751913680158297, ""mOmega"" -> 0.7828034228620259, ""mPhi"" -> 1.0194601151363198, ""GammaRho"" -> 0.14771042024884082, ""GammaOmega"" -> 0.008632901808210672, ""GammaPhi"" -> 0.004254258205879698, ""mKP"" -> 0.4936651932650191, ""mN"" -> 0.9382720885239033, ""g"" -> 0.7048610306314177, ""zNS"" -> 0.8183294940183007, ""zSmBm"" -> 0.6563001213533604, ""PhiPdeg"" -> 40.92386717253676, ""PhiVdeg"" -> 3.235078537158855|>"
"<|""Run"" -> 56, ""Seed"" -> 12401, ""BestYukawa2Cs2Ms6MB2"" -> 0.00009193939393939395, ""BestLoss"" -> 1.561518482222073, ""CoarseBestY"" -> 0.00009242424242424243, ""Alpha"" -> 0.007297525671909262, ""GammaTotal"" -> 1.3132498242693525*^-6, ""mPi"" -> 0.1349764651981904, ""MEta"" -> 0.5478449807210722, ""mRho"" -> 0.7753347418661983, ""mOmega"" -> 0.782613123919723, ""mPhi"" -> 1.0194400719815424, ""GammaRho"" -> 0.14782751661783677, ""GammaOmega"" -> 0.00859041453936351, ""GammaPhi"" -> 0.004227155993737373, ""mKP"" -> 0.4936622177995065, ""mN"" -> 0.9382720887833885, ""g"" -> 0.6926394537622043, ""zNS"" -> 0.8283333159772975, ""zSmBm"" -> 0.6592641878345058, ""PhiPdeg"" -> 41.29322995682906, ""PhiVdeg"" -> 3.318134357883248|>"
"<|""Run"" -> 57, ""Seed"" -> 12402, ""BestYukawa2Cs2Ms6MB2"" -> 0.00008999999999999999, ""BestLoss"" -> 1.566154569169226, ""CoarseBestY"" -> 0.00008939393939393939, ""Alpha"" -> 0.0072975256879368195, ""GammaTotal"" -> 1.2171693962933154*^-6, ""mPi"" -> 0.13497649712347048, ""MEta"" -> 0.5478525991081875, ""mRho"" -> 0.7753371251761751, ""mOmega"" -> 0.7825877746851732, ""mPhi"" -> 1.0194947516529071, ""GammaRho"" -> 0.15004248767670703, ""GammaOmega"" -> 0.008650621954409639, ""GammaPhi"" -> 0.004248787145112538, ""mKP"" -> 0.49368694605473024, ""mN"" -> 0.9382720877381832, ""g"" -> 0.6872931110162991, ""zNS"" -> 0.8459850355836883, ""zSmBm"" -> 0.6658037006804008, ""PhiPdeg"" -> 41.32724903183372, ""PhiVdeg"" -> 3.1978904330969065|>"
"<|""Run"" -> 58, ""Seed"" -> 12403, ""BestYukawa2Cs2Ms6MB2"" -> 0.00008824242424242424, ""BestLoss"" -> 1.5729816703306967, ""CoarseBestY"" -> 0.00008787878787878787, ""Alpha"" -> 0.007297525668179751, ""GammaTotal"" -> 1.2878512309429608*^-6, ""mPi"" -> 0.1349762994874491, ""MEta"" -> 0.5478437367704316, ""mRho"" -> 0.7754197653245648, ""mOmega"" -> 0.7826999375725454, ""mPhi"" -> 1.019464848529199, ""GammaRho"" -> 0.14948646795074214, ""GammaOmega"" -> 0.00878245731310658, ""GammaPhi"" -> 0.004245569873621418, ""mKP"" -> 0.4936847357161863, ""mN"" -> 0.9382720880419331, ""g"" -> 0.6952225022534465, ""zNS"" -> 0.8335365098017925, ""zSmBm"" -> 0.6514598462849592, ""PhiPdeg"" -> 41.313365282118184, ""PhiVdeg"" -> 3.3718838590784026|>"
"<|""Run"" -> 59, ""Seed"" -> 12404, ""BestYukawa2Cs2Ms6MB2"" -> 0.00007866666666666666, ""BestLoss"" -> 1.6197484271992932, ""CoarseBestY"" -> 0.00007878787878787879, ""Alpha"" -> 0.007297525647799458, ""GammaTotal"" -> 1.3459244799071266*^-6, ""mPi"" -> 0.13497588852468062, ""MEta"" -> 0.5478642403812087, ""mRho"" -> 0.7749748810852692, ""mOmega"" -> 0.7827714869181923, ""mPhi"" -> 1.0194455623256573, ""GammaRho"" -> 0.14857672371601086, ""GammaOmega"" -> 0.008586907481765254, ""GammaPhi"" -> 0.004240205618032809, ""mKP"" -> 0.49366535147257407, ""mN"" -> 0.9382720883887422, ""g"" -> 0.7038883811927218, ""zNS"" -> 0.838696602608908, ""zSmBm"" -> 0.6440067346405636, ""PhiPdeg"" -> 41.08213031164717, ""PhiVdeg"" -> 3.4285069002040087|>"
"<|""Run"" -> 60, ""Seed"" -> 12405, ""BestYukawa2Cs2Ms6MB2"" -> 0.0000812121212121212, ""BestLoss"" -> 1.613106306184043, ""CoarseBestY"" -> 0.00008181818181818182, ""Alpha"" -> 0.007297525704572902, ""GammaTotal"" -> 1.2836644922372535*^-6, ""mPi"" -> 0.13497685175588967, ""MEta"" -> 0.5478410425826796, ""mRho"" -> 0.7751470282706757, ""mOmega"" -> 0.7824661171373918, ""mPhi"" -> 1.0194807199599611, ""GammaRho"" -> 0.1483155696689355, ""GammaOmega"" -> 0.008866338560760696, ""GammaPhi"" -> 0.0042627845186896714, ""mKP"" -> 0.4936593804402843, ""mN"" -> 0.9382720882731276, ""g"" -> 0.7026190021369447, ""zNS"" -> 0.830165881629831, ""zSmBm"" -> 0.6385797936380044, ""PhiPdeg"" -> 41.00593267717047, ""PhiVdeg"" -> 3.156064897980092|>"
"<|""Run"" -> 61, ""Seed"" -> 12406, ""BestYukawa2Cs2Ms6MB2"" -> 0.00008775757575757575, ""BestLoss"" -> 1.5927238906742636, ""CoarseBestY"" -> 0.00008787878787878787, ""Alpha"" -> 0.007297525662316032, ""GammaTotal"" -> 1.3614322374933454*^-6, ""mPi"" -> 0.13497677810664924, ""MEta"" -> 0.5478621985269482, ""mRho"" -> 0.7751880544222877, ""mOmega"" -> 0.7826030910639383, ""mPhi"" -> 1.0194521598632555, ""GammaRho"" -> 0.14815670930900493, ""GammaOmega"" -> 0.008681015268324854, ""GammaPhi"" -> 0.004241695520147238, ""mKP"" -> 0.49367597160272253, ""mN"" -> 0.9382720884242887, ""g"" -> 0.6972043532118384, ""zNS"" -> 0.8231963555833598, ""zSmBm"" -> 0.6412026025458382, ""PhiPdeg"" -> 40.901942699683985, ""PhiVdeg"" -> 3.220685190599919|>"
"<|""Run"" -> 62, ""Seed"" -> 12407, ""BestYukawa2Cs2Ms6MB2"" -> 0.000088, ""BestLoss"" -> 1.5551302015131805, ""CoarseBestY"" -> 0.00008787878787878787, ""Alpha"" -> 0.00729752566926206, ""GammaTotal"" -> 1.3129281944385612*^-6, ""mPi"" -> 0.13497733997090852, ""MEta"" -> 0.5478606203015254, ""mRho"" -> 0.7752965812418171, ""mOmega"" -> 0.7826543993066372, ""mPhi"" -> 1.0194984441577535, ""GammaRho"" -> 0.14855728157488204, ""GammaOmega"" -> 0.008684149499005794, ""GammaPhi"" -> 0.00427939284078214, ""mKP"" -> 0.4936768614720233, ""mN"" -> 0.9382720877973563, ""g"" -> 0.6902369216378884, ""zNS"" -> 0.8485184613906458, ""zSmBm"" -> 0.6346313010781128, ""PhiPdeg"" -> 41.73546325449646, ""PhiVdeg"" -> 3.2222164774071467|>"
"<|""Run"" -> 63, ""Seed"" -> 12408, ""BestYukawa2Cs2Ms6MB2"" -> 0.00008636363636363636, ""BestLoss"" -> 1.6077589062512683, ""CoarseBestY"" -> 0.00008636363636363636, ""Alpha"" -> 0.0072975256538468005, ""GammaTotal"" -> 1.287102373705597*^-6, ""mPi"" -> 0.13497731070162539, ""MEta"" -> 0.5479025827540661, ""mRho"" -> 0.7749820486067387, ""mOmega"" -> 0.782717501282203, ""mPhi"" -> 1.019435537505938, ""GammaRho"" -> 0.14787002730161933, ""GammaOmega"" -> 0.008821792563961848, ""GammaPhi"" -> 0.004301370354053362, ""mKP"" -> 0.49370362342455243, ""mN"" -> 0.9382720884272149, ""g"" -> 0.6934716976065174, ""zNS"" -> 0.834715600485585, ""zSmBm"" -> 0.6648982183230271, ""PhiPdeg"" -> 40.66467397870578, ""PhiVdeg"" -> 3.3364487297934904|>"
"<|""Run"" -> 64, ""Seed"" -> 12409, ""BestYukawa2Cs2Ms6MB2"" -> 0.0000916969696969697, ""BestLoss"" -> 1.5329624336335939, ""CoarseBestY"" -> 0.00009242424242424243, ""Alpha"" -> 0.007297525647255236, ""GammaTotal"" -> 1.2973729139334925*^-6, ""mPi"" -> 0.13497595543503405, ""MEta"" -> 0.5478501512621025, ""mRho"" -> 0.7752274704485387, ""mOmega"" -> 0.7826954287744388, ""mPhi"" -> 1.0194292239303477, ""GammaRho"" -> 0.15061634109168778, ""GammaOmega"" -> 0.008639574504873014, ""GammaPhi"" -> 0.004265578356172094, ""mKP"" -> 0.4936742306769929, ""mN"" -> 0.9382720883443122, ""g"" -> 0.6919953168499351, ""zNS"" -> 0.8380562664603961, ""zSmBm"" -> 0.6581982970809735, ""PhiPdeg"" -> 41.97836665048293, ""PhiVdeg"" -> 3.2401309661343074|>"
"<|""Run"" -> 65, ""Seed"" -> 12410, ""BestYukawa2Cs2Ms6MB2"" -> 0.00009472727272727273, ""BestLoss"" -> 1.6040907695308406, ""CoarseBestY"" -> 0.00009545454545454546, ""Alpha"" -> 0.007297525663067379, ""GammaTotal"" -> 1.3175862383347743*^-6, ""mPi"" -> 0.13497674323150166, ""MEta"" -> 0.5478524050012912, ""mRho"" -> 0.7753028178107765, ""mOmega"" -> 0.7826846644732611, ""mPhi"" -> 1.0194646666348393, ""GammaRho"" -> 0.14802245151726257, ""GammaOmega"" -> 0.008740332849814006, ""GammaPhi"" -> 0.004242588082451163, ""mKP"" -> 0.4936874336852167, ""mN"" -> 0.9382720885636, ""g"" -> 0.6876320478304577, ""zNS"" -> 0.8156075891346254, ""zSmBm"" -> 0.6398434992072685, ""PhiPdeg"" -> 40.066329155259744, ""PhiVdeg"" -> 3.1986619917641548|>"
"<|""Run"" -> 66, ""Seed"" -> 12411, ""BestYukawa2Cs2Ms6MB2"" -> 0.00010103030303030303, ""BestLoss"" -> 1.5198895188736445, ""CoarseBestY"" -> 0.0001015151515151515, ""Alpha"" -> 0.007297525654329999, ""GammaTotal"" -> 1.2255260562309467*^-6, ""mPi"" -> 0.13497733722279415, ""MEta"" -> 0.5478515566369846, ""mRho"" -> 0.7751985400051957, ""mOmega"" -> 0.7827034859549791, ""mPhi"" -> 1.0194745249975274, ""GammaRho"" -> 0.14958222883694283, ""GammaOmega"" -> 0.008687494801187976, ""GammaPhi"" -> 0.0042374367976226205, ""mKP"" -> 0.4937277583128149, ""mN"" -> 0.9382720881185903, ""g"" -> 0.6893197594470195, ""zNS"" -> 0.8120854883611289, ""zSmBm"" -> 0.6417776237149023, ""PhiPdeg"" -> 41.561339205519886, ""PhiVdeg"" -> 3.2082900857383443|>"
"<|""Run"" -> 67, ""Seed"" -> 12412, ""BestYukawa2Cs2Ms6MB2"" -> 0.00008333333333333333, ""BestLoss"" -> 1.5648231727382633, ""CoarseBestY"" -> 0.00008333333333333333, ""Alpha"" -> 0.007297525684042764, ""GammaTotal"" -> 1.3037451346768398*^-6, ""mPi"" -> 0.13497644752105992, ""MEta"" -> 0.5478365485826628, ""mRho"" -> 0.7752706140066342, ""mOmega"" -> 0.7827119800652557, ""mPhi"" -> 1.0194498309262494, ""GammaRho"" -> 0.1485179507602373, ""GammaOmega"" -> 0.008485770942078022, ""GammaPhi"" -> 0.004266342692910619, ""mKP"" -> 0.49368131811736893, ""mN"" -> 0.9382720880064492, ""g"" -> 0.7080935780841282, ""zNS"" -> 0.8248181140777812, ""zSmBm"" -> 0.6535605115661595, ""PhiPdeg"" -> 41.929272930031885, ""PhiVdeg"" -> 3.244385090992156|>"
"<|""Run"" -> 68, ""Seed"" -> 12413, ""BestYukawa2Cs2Ms6MB2"" -> 0.00010072727272727273, ""BestLoss"" -> 1.5003680581414711, ""CoarseBestY"" -> 0.0001, ""Alpha"" -> 0.007297525670365698, ""GammaTotal"" -> 1.2841991306263941*^-6, ""mPi"" -> 0.13497547109164207, ""MEta"" -> 0.5478621189411516, ""mRho"" -> 0.7753200349069427, ""mOmega"" -> 0.7825696914060418, ""mPhi"" -> 1.019452751958718, ""GammaRho"" -> 0.15043416651514444, ""GammaOmega"" -> 0.00869690692687045, ""GammaPhi"" -> 0.004255628453525106, ""mKP"" -> 0.4936950479050711, ""mN"" -> 0.9382720876448253, ""g"" -> 0.6922398078138835, ""zNS"" -> 0.8145529275491861, ""zSmBm"" -> 0.6422503516139969, ""PhiPdeg"" -> 42.078479408285475, ""PhiVdeg"" -> 3.3885167730751804|>"
"<|""Run"" -> 69, ""Seed"" -> 12414, ""BestYukawa2Cs2Ms6MB2"" -> 0.0000895151515151515, ""BestLoss"" -> 1.575263325128168, ""CoarseBestY"" -> 0.00008939393939393939, ""Alpha"" -> 0.007297525654811451, ""GammaTotal"" -> 1.289269407605327*^-6, ""mPi"" -> 0.13497777249078333, ""MEta"" -> 0.547857775784277, ""mRho"" -> 0.7751681935805258, ""mOmega"" -> 0.7824072498600656, ""mPhi"" -> 1.0194566680487718, ""GammaRho"" -> 0.14784986977751535, ""GammaOmega"" -> 0.008723013384074451, ""GammaPhi"" -> 0.004252547766678336, ""mKP"" -> 0.4936643320455731, ""mN"" -> 0.9382720881038579, ""g"" -> 0.6895619055481901, ""zNS"" -> 0.8386743958290348, ""zSmBm"" -> 0.6571423613560948, ""PhiPdeg"" -> 41.16896686809637, ""PhiVdeg"" -> 3.1389934025463924|>"
"<|""Run"" -> 70, ""Seed"" -> 12415, ""BestYukawa2Cs2Ms6MB2"" -> 0.00008145454545454545, ""BestLoss"" -> 1.5886008634790576, ""CoarseBestY"" -> 0.00008181818181818182, ""Alpha"" -> 0.007297525666671757, ""GammaTotal"" -> 1.341561764242692*^-6, ""mPi"" -> 0.13497690324374698, ""MEta"" -> 0.5478469712660327, ""mRho"" -> 0.7756817299086713, ""mOmega"" -> 0.7826222745077525, ""mPhi"" -> 1.019423797976458, ""GammaRho"" -> 0.14955125474037298, ""GammaOmega"" -> 0.008704290729777263, ""GammaPhi"" -> 0.004256881967129179, ""mKP"" -> 0.4936612241244903, ""mN"" -> 0.938272088078172, ""g"" -> 0.70961704467488, ""zNS"" -> 0.8231585856666798, ""zSmBm"" -> 0.6525611389278637, ""PhiPdeg"" -> 41.521493405189695, ""PhiVdeg"" -> 3.357836459654434|>"
"<|""Run"" -> 71, ""Seed"" -> 12416, ""BestYukawa2Cs2Ms6MB2"" -> 0.0000730909090909091, ""BestLoss"" -> 1.653448846646846, ""CoarseBestY"" -> 0.00007272727272727273, ""Alpha"" -> 0.007297525662828092, ""GammaTotal"" -> 1.3200453245556711*^-6, ""mPi"" -> 0.13497619748986667, ""MEta"" -> 0.547859817701256, ""mRho"" -> 0.775358330693176, ""mOmega"" -> 0.7824919401728164, ""mPhi"" -> 1.0194564018251526, ""GammaRho"" -> 0.14954939836658152, ""GammaOmega"" -> 0.008648069391728212, ""GammaPhi"" -> 0.004253572506782336, ""mKP"" -> 0.4936814367786546, ""mN"" -> 0.9382720885048581, ""g"" -> 0.7122877953288614, ""zNS"" -> 0.8336788759206767, ""zSmBm"" -> 0.6549253971885074, ""PhiPdeg"" -> 40.83571251863598, ""PhiVdeg"" -> 3.362639583382734|>"
"<|""Run"" -> 72, ""Seed"" -> 12417, ""BestYukawa2Cs2Ms6MB2"" -> 0.00006606060606060605, ""BestLoss"" -> 1.6722056051969876, ""CoarseBestY"" -> 0.00006666666666666667, ""Alpha"" -> 0.007297525659388582, ""GammaTotal"" -> 1.2657264687045945*^-6, ""mPi"" -> 0.13497750899094083, ""MEta"" -> 0.5479004852038806, ""mRho"" -> 0.7750437337497664, ""mOmega"" -> 0.782597037895677, ""mPhi"" -> 1.0195058538211703, ""GammaRho"" -> 0.1492785308787653, ""GammaOmega"" -> 0.008962722120285998, ""GammaPhi"" -> 0.004261746609075446, ""mKP"" -> 0.49365629920392556, ""mN"" -> 0.9382720880464407, ""g"" -> 0.7148162484789133, ""zNS"" -> 0.8521427234341712, ""zSmBm"" -> 0.6482061215294493, ""PhiPdeg"" -> 41.09110324171307, ""PhiVdeg"" -> 3.3515342670020987|>"
"<|""Run"" -> 73, ""Seed"" -> 12418, ""BestYukawa2Cs2Ms6MB2"" -> 0.0000610909090909091, ""BestLoss"" -> 1.7275950729737808, ""CoarseBestY"" -> 0.000060606060606060605, ""Alpha"" -> 0.007297525695160821, ""GammaTotal"" -> 1.3267405226899286*^-6, ""mPi"" -> 0.13497658805933832, ""MEta"" -> 0.5478452671870151, ""mRho"" -> 0.7754670597561372, ""mOmega"" -> 0.7826089156136133, ""mPhi"" -> 1.0194772338021914, ""GammaRho"" -> 0.14860355935422614, ""GammaOmega"" -> 0.008902666056300699, ""GammaPhi"" -> 0.004248352863891295, ""mKP"" -> 0.49366726545133094, ""mN"" -> 0.9382720880901375, ""g"" -> 0.7145731416961134, ""zNS"" -> 0.8602059563376133, ""zSmBm"" -> 0.6437333089953453, ""PhiPdeg"" -> 40.40312751690328, ""PhiVdeg"" -> 3.2559589201385326|>"
"<|""Run"" -> 74, ""Seed"" -> 12419, ""BestYukawa2Cs2Ms6MB2"" -> 0.0000809090909090909, ""BestLoss"" -> 1.5725692792471264, ""CoarseBestY"" -> 0.0000803030303030303, ""Alpha"" -> 0.007297525685571818, ""GammaTotal"" -> 1.3256199779272868*^-6, ""mPi"" -> 0.13497670705275225, ""MEta"" -> 0.5478600509621118, ""mRho"" -> 0.7755712725089273, ""mOmega"" -> 0.7828052171519811, ""mPhi"" -> 1.0194583776542898, ""GammaRho"" -> 0.14923887522701443, ""GammaOmega"" -> 0.00876429962205508, ""GammaPhi"" -> 0.0042447375211418234, ""mKP"" -> 0.4936872630001337, ""mN"" -> 0.9382720878815379, ""g"" -> 0.7086007680970607, ""zNS"" -> 0.8321825889745683, ""zSmBm"" -> 0.6544234184384745, ""PhiPdeg"" -> 41.929569714268524, ""PhiVdeg"" -> 3.353925585091283|>"
"<|""Run"" -> 75, ""Seed"" -> 12420, ""BestYukawa2Cs2Ms6MB2"" -> 0.00008242424242424243, ""BestLoss"" -> 1.5525627269368338, ""CoarseBestY"" -> 0.00008181818181818182, ""Alpha"" -> 0.00729752566263047, ""GammaTotal"" -> 1.3182444253208159*^-6, ""mPi"" -> 0.1349769293272478, ""MEta"" -> 0.5478602338156294, ""mRho"" -> 0.7753697361501575, ""mOmega"" -> 0.7829303332553904, ""mPhi"" -> 1.0194760904774147, ""GammaRho"" -> 0.1483913690507319, ""GammaOmega"" -> 0.008637655171073809, ""GammaPhi"" -> 0.004250518514808087, ""mKP"" -> 0.4936840422477132, ""mN"" -> 0.9382720879094051, ""g"" -> 0.7030324292466846, ""zNS"" -> 0.8430263387355065, ""zSmBm"" -> 0.6529994525451833, ""PhiPdeg"" -> 42.26089191116186, ""PhiVdeg"" -> 3.223067965926683|>"
"<|""Run"" -> 76, ""Seed"" -> 12421, ""BestYukawa2Cs2Ms6MB2"" -> 0.00008145454545454545, ""BestLoss"" -> 1.6001479603046342, ""CoarseBestY"" -> 0.00008181818181818182, ""Alpha"" -> 0.007297525663000238, ""GammaTotal"" -> 1.2513438610636145*^-6, ""mPi"" -> 0.13497718435816347, ""MEta"" -> 0.5478787267178432, ""mRho"" -> 0.775547790798658, ""mOmega"" -> 0.7825808548952645, ""mPhi"" -> 1.019458229288871, ""GammaRho"" -> 0.15019783306968687, ""GammaOmega"" -> 0.008497139803777826, ""GammaPhi"" -> 0.004235036441497287, ""mKP"" -> 0.4936759314778738, ""mN"" -> 0.9382720883552087, ""g"" -> 0.6878799262807849, ""zNS"" -> 0.8696075592050021, ""zSmBm"" -> 0.6551279342213369, ""PhiPdeg"" -> 41.230879000204105, ""PhiVdeg"" -> 3.3294193583963434|>"
"<|""Run"" -> 77, ""Seed"" -> 12422, ""BestYukawa2Cs2Ms6MB2"" -> 0.00009230303030303031, ""BestLoss"" -> 1.538232567497093, ""CoarseBestY"" -> 0.00009242424242424243, ""Alpha"" -> 0.007297525674959915, ""GammaTotal"" -> 1.3602830910470712*^-6, ""mPi"" -> 0.1349766262333281, ""MEta"" -> 0.5478773027885159, ""mRho"" -> 0.7752276310920897, ""mOmega"" -> 0.7824845128172802, ""mPhi"" -> 1.0194529570180855, ""GammaRho"" -> 0.15092569874940717, ""GammaOmega"" -> 0.008745411260926336, ""GammaPhi"" -> 0.0042381900442601955, ""mKP"" -> 0.49369066489592195, ""mN"" -> 0.9382720879298814, ""g"" -> 0.6984901187693308, ""zNS"" -> 0.8195173761095045, ""zSmBm"" -> 0.6486993444352396, ""PhiPdeg"" -> 41.80595607955755, ""PhiVdeg"" -> 3.3439764629046262|>"
"<|""Run"" -> 78, ""Seed"" -> 12423, ""BestYukawa2Cs2Ms6MB2"" -> 0.00009369696969696969, ""BestLoss"" -> 1.5718345854169133, ""CoarseBestY"" -> 0.00009393939393939393, ""Alpha"" -> 0.00729752563020128, ""GammaTotal"" -> 1.3567410108774306*^-6, ""mPi"" -> 0.13497507546287896, ""MEta"" -> 0.5478462661910909, ""mRho"" -> 0.775118822076256, ""mOmega"" -> 0.7826604891285381, ""mPhi"" -> 1.019471874318477, ""GammaRho"" -> 0.14788956051391242, ""GammaOmega"" -> 0.008610722246987647, ""GammaPhi"" -> 0.004272188967717448, ""mKP"" -> 0.4936841068224729, ""mN"" -> 0.9382720881374171, ""g"" -> 0.7019826235235862, ""zNS"" -> 0.7972310483785736, ""zSmBm"" -> 0.6665464138846321, ""PhiPdeg"" -> 40.923174368192846, ""PhiVdeg"" -> 3.1947430866349285|>"
"<|""Run"" -> 79, ""Seed"" -> 12424, ""BestYukawa2Cs2Ms6MB2"" -> 0.00009333333333333333, ""BestLoss"" -> 1.5575731894092488, ""CoarseBestY"" -> 0.00009393939393939393, ""Alpha"" -> 0.007297525644389656, ""GammaTotal"" -> 1.3869068882144478*^-6, ""mPi"" -> 0.13497607171527837, ""MEta"" -> 0.5478709833276587, ""mRho"" -> 0.7756335688331131, ""mOmega"" -> 0.7827602154832887, ""mPhi"" -> 1.019449815556788, ""GammaRho"" -> 0.1488856124039764, ""GammaOmega"" -> 0.00853853354062092, ""GammaPhi"" -> 0.004260061601873606, ""mKP"" -> 0.49368079192382713, ""mN"" -> 0.9382720879353997, ""g"" -> 0.6934728044617362, ""zNS"" -> 0.8198724821565644, ""zSmBm"" -> 0.6598944738407486, ""PhiPdeg"" -> 41.22026386670178, ""PhiVdeg"" -> 3.1289913379605374|>"
"<|""Run"" -> 80, ""Seed"" -> 12425, ""BestYukawa2Cs2Ms6MB2"" -> 0.0000903030303030303, ""BestLoss"" -> 1.6272598540668317, ""CoarseBestY"" -> 0.0000909090909090909, ""Alpha"" -> 0.007297525689342435, ""GammaTotal"" -> 1.253763844803514*^-6, ""mPi"" -> 0.13497620154206294, ""MEta"" -> 0.547878349516181, ""mRho"" -> 0.7749794230113448, ""mOmega"" -> 0.7825192226987023, ""mPhi"" -> 1.0194637039470182, ""GammaRho"" -> 0.1487407564449192, ""GammaOmega"" -> 0.008666851134859177, ""GammaPhi"" -> 0.004257487103609759, ""mKP"" -> 0.49366165917514454, ""mN"" -> 0.9382720880211872, ""g"" -> 0.695751081758241, ""zNS"" -> 0.8091121612427551, ""zSmBm"" -> 0.6603961454346174, ""PhiPdeg"" -> 39.926552463926114, ""PhiVdeg"" -> 3.294873941999558|>"
"<|""Run"" -> 81, ""Seed"" -> 12426, ""BestYukawa2Cs2Ms6MB2"" -> 0.00009345454545454545, ""BestLoss"" -> 1.5410842546737653, ""CoarseBestY"" -> 0.00009393939393939393, ""Alpha"" -> 0.007297525632499526, ""GammaTotal"" -> 1.3321219054441911*^-6, ""mPi"" -> 0.13497580730322253, ""MEta"" -> 0.5478865706336358, ""mRho"" -> 0.7749197481511947, ""mOmega"" -> 0.782703098917928, ""mPhi"" -> 1.0194857957109795, ""GammaRho"" -> 0.14823313348129988, ""GammaOmega"" -> 0.008784041569341554, ""GammaPhi"" -> 0.004232312126337379, ""mKP"" -> 0.49365727845426605, ""mN"" -> 0.9382720880310368, ""g"" -> 0.6917526002064599, ""zNS"" -> 0.8325289895141904, ""zSmBm"" -> 0.6690875747610822, ""PhiPdeg"" -> 41.67525892191732, ""PhiVdeg"" -> 3.478103172191133|>"
"<|""Run"" -> 82, ""Seed"" -> 12427, ""BestYukawa2Cs2Ms6MB2"" -> 0.00009733333333333333, ""BestLoss"" -> 1.531872232144929, ""CoarseBestY"" -> 0.00009696969696969698, ""Alpha"" -> 0.007297525673995442, ""GammaTotal"" -> 1.2559806897680122*^-6, ""mPi"" -> 0.1349767309014948, ""MEta"" -> 0.5478846106656186, ""mRho"" -> 0.7750293859477846, ""mOmega"" -> 0.7824774719657285, ""mPhi"" -> 1.0194883794262333, ""GammaRho"" -> 0.14935292670957948, ""GammaOmega"" -> 0.008440412895590664, ""GammaPhi"" -> 0.004233884280798672, ""mKP"" -> 0.4936701550039506, ""mN"" -> 0.9382720878729023, ""g"" -> 0.6962166116856692, ""zNS"" -> 0.8065237115600893, ""zSmBm"" -> 0.6458406777065816, ""PhiPdeg"" -> 41.5721850928342, ""PhiVdeg"" -> 3.2280525308755244|>"
"<|""Run"" -> 83, ""Seed"" -> 12428, ""BestYukawa2Cs2Ms6MB2"" -> 0.00010187878787878788, ""BestLoss"" -> 1.5274584440311618, ""CoarseBestY"" -> 0.0001015151515151515, ""Alpha"" -> 0.007297525671704784, ""GammaTotal"" -> 1.2795299279336747*^-6, ""mPi"" -> 0.134976543203913, ""MEta"" -> 0.5478644026497718, ""mRho"" -> 0.7750896362602939, ""mOmega"" -> 0.7829350559081943, ""mPhi"" -> 1.0194587798384722, ""GammaRho"" -> 0.14825509943836349, ""GammaOmega"" -> 0.008745885740900631, ""GammaPhi"" -> 0.004244449419782691, ""mKP"" -> 0.49368210749802355, ""mN"" -> 0.9382720878434052, ""g"" -> 0.7046737603187301, ""zNS"" -> 0.7729877737197627, ""zSmBm"" -> 0.6577389621463928, ""PhiPdeg"" -> 41.31924118454127, ""PhiVdeg"" -> 3.090407804526028|>"
"<|""Run"" -> 84, ""Seed"" -> 12429, ""BestYukawa2Cs2Ms6MB2"" -> 0.00007763636363636366, ""BestLoss"" -> 1.6286135236323147, ""CoarseBestY"" -> 0.00007727272727272729, ""Alpha"" -> 0.007297525649919291, ""GammaTotal"" -> 1.3115730917494168*^-6, ""mPi"" -> 0.1349762604270066, ""MEta"" -> 0.5478430959279619, ""mRho"" -> 0.7752336889895485, ""mOmega"" -> 0.7829919640654259, ""mPhi"" -> 1.0194680230033202, ""GammaRho"" -> 0.14947228650526276, ""GammaOmega"" -> 0.008662678962504148, ""GammaPhi"" -> 0.004249976139876961, ""mKP"" -> 0.49369809915581747, ""mN"" -> 0.9382720881603017, ""g"" -> 0.6982275568067867, ""zNS"" -> 0.8528073943635756, ""zSmBm"" -> 0.6344501165105597, ""PhiPdeg"" -> 40.94429387291928, ""PhiVdeg"" -> 3.3563829625583605|>"
"<|""Run"" -> 85, ""Seed"" -> 12430, ""BestYukawa2Cs2Ms6MB2"" -> 0.00007436363636363635, ""BestLoss"" -> 1.6089898596466838, ""CoarseBestY"" -> 0.00007424242424242424, ""Alpha"" -> 0.007297525665525851, ""GammaTotal"" -> 1.214052382984472*^-6, ""mPi"" -> 0.13497682224504637, ""MEta"" -> 0.547868500066821, ""mRho"" -> 0.7753710270244426, ""mOmega"" -> 0.7827923145161197, ""mPhi"" -> 1.019488300660751, ""GammaRho"" -> 0.14955626197085722, ""GammaOmega"" -> 0.008716752755171276, ""GammaPhi"" -> 0.004248411258805822, ""mKP"" -> 0.4936851032170615, ""mN"" -> 0.9382720882785195, ""g"" -> 0.7123145453720787, ""zNS"" -> 0.8395398866266675, ""zSmBm"" -> 0.6529921933192925, ""PhiPdeg"" -> 41.67981053925381, ""PhiVdeg"" -> 3.3246912717675148|>"
"<|""Run"" -> 86, ""Seed"" -> 12431, ""BestYukawa2Cs2Ms6MB2"" -> 0.00008242424242424243, ""BestLoss"" -> 1.5971984746157402, ""CoarseBestY"" -> 0.00008181818181818182, ""Alpha"" -> 0.007297525682978089, ""GammaTotal"" -> 1.3488860495962932*^-6, ""mPi"" -> 0.13497688937454913, ""MEta"" -> 0.5478644852233328, ""mRho"" -> 0.7750002114365991, ""mOmega"" -> 0.7827081445815528, ""mPhi"" -> 1.0194485762202363, ""GammaRho"" -> 0.14886657771178913, ""GammaOmega"" -> 0.008714043538069113, ""GammaPhi"" -> 0.004234150826709361, ""mKP"" -> 0.4936920564772785, ""mN"" -> 0.9382720880662052, ""g"" -> 0.7014260103843758, ""zNS"" -> 0.8341177878872182, ""zSmBm"" -> 0.6422699037651226, ""PhiPdeg"" -> 41.25681424521515, ""PhiVdeg"" -> 3.3134169233161486|>"
"<|""Run"" -> 87, ""Seed"" -> 12432, ""BestYukawa2Cs2Ms6MB2"" -> 0.00006303030303030302, ""BestLoss"" -> 1.695499588788623, ""CoarseBestY"" -> 0.00006363636363636363, ""Alpha"" -> 0.007297525670053266, ""GammaTotal"" -> 1.3939489601186188*^-6, ""mPi"" -> 0.13497660396752487, ""MEta"" -> 0.5478534405767947, ""mRho"" -> 0.7752591636799931, ""mOmega"" -> 0.7825533219321372, ""mPhi"" -> 1.0194408391201872, ""GammaRho"" -> 0.1498265243859488, ""GammaOmega"" -> 0.008673947489128609, ""GammaPhi"" -> 0.004247146583649906, ""mKP"" -> 0.4936767894822258, ""mN"" -> 0.9382720880373006, ""g"" -> 0.7084242263335693, ""zNS"" -> 0.8749650302671919, ""zSmBm"" -> 0.6553648187884261, ""PhiPdeg"" -> 40.89968290173711, ""PhiVdeg"" -> 3.2917330615619624|>"
"<|""Run"" -> 88, ""Seed"" -> 12433, ""BestYukawa2Cs2Ms6MB2"" -> 0.00008145454545454545, ""BestLoss"" -> 1.5791720179570592, ""CoarseBestY"" -> 0.00008181818181818182, ""Alpha"" -> 0.007297525684054669, ""GammaTotal"" -> 1.326723016795902*^-6, ""mPi"" -> 0.13497734519987659, ""MEta"" -> 0.5478825873195545, ""mRho"" -> 0.7755236080466733, ""mOmega"" -> 0.7825972546010933, ""mPhi"" -> 1.0194732956457997, ""GammaRho"" -> 0.14775637081328605, ""GammaOmega"" -> 0.008796006726885684, ""GammaPhi"" -> 0.004263088055640206, ""mKP"" -> 0.49371109655448675, ""mN"" -> 0.9382720882120583, ""g"" -> 0.7043658207098061, ""zNS"" -> 0.8380159784565002, ""zSmBm"" -> 0.6442204115169234, ""PhiPdeg"" -> 41.73063225767131, ""PhiVdeg"" -> 3.4716023742248843|>"
"<|""Run"" -> 89, ""Seed"" -> 12434, ""BestYukawa2Cs2Ms6MB2"" -> 0.00007424242424242424, ""BestLoss"" -> 1.6087737023704394, ""CoarseBestY"" -> 0.00007424242424242424, ""Alpha"" -> 0.007297525631994161, ""GammaTotal"" -> 1.2860097952595204*^-6, ""mPi"" -> 0.13497651604013997, ""MEta"" -> 0.5478450459621567, ""mRho"" -> 0.7751479745927429, ""mOmega"" -> 0.7826433354395762, ""mPhi"" -> 1.0194594105753572, ""GammaRho"" -> 0.14710467055299306, ""GammaOmega"" -> 0.008577575579186975, ""GammaPhi"" -> 0.004249710600906216, ""mKP"" -> 0.4936687301616324, ""mN"" -> 0.9382720888615792, ""g"" -> 0.7149534451519185, ""zNS"" -> 0.8337930074386573, ""zSmBm"" -> 0.6533796038851483, ""PhiPdeg"" -> 41.734273043821304, ""PhiVdeg"" -> 3.2529900133685423|>"
"<|""Run"" -> 90, ""Seed"" -> 12435, ""BestYukawa2Cs2Ms6MB2"" -> 0.00008575757575757576, ""BestLoss"" -> 1.5640159202206454, ""CoarseBestY"" -> 0.00008636363636363636, ""Alpha"" -> 0.007297525660587405, ""GammaTotal"" -> 1.2552883375366418*^-6, ""mPi"" -> 0.13497695859117487, ""MEta"" -> 0.5478264419443326, ""mRho"" -> 0.7750344117651781, ""mOmega"" -> 0.7826477528591327, ""mPhi"" -> 1.0194792234425574, ""GammaRho"" -> 0.14976543801847683, ""GammaOmega"" -> 0.008607710296711821, ""GammaPhi"" -> 0.004247321213836763, ""mKP"" -> 0.4936760369119832, ""mN"" -> 0.9382720879964997, ""g"" -> 0.7062315166120675, ""zNS"" -> 0.8202783259008142, ""zSmBm"" -> 0.6488743492193804, ""PhiPdeg"" -> 41.76770360339613, ""PhiVdeg"" -> 3.309958695661222|>"
"<|""Run"" -> 91, ""Seed"" -> 12436, ""BestYukawa2Cs2Ms6MB2"" -> 0.00008824242424242424, ""BestLoss"" -> 1.5895320775951807, ""CoarseBestY"" -> 0.00008787878787878787, ""Alpha"" -> 0.007297525679103453, ""GammaTotal"" -> 1.3174068775931244*^-6, ""mPi"" -> 0.13497725785147954, ""MEta"" -> 0.5478761681618672, ""mRho"" -> 0.7750367232354903, ""mOmega"" -> 0.7828560283801727, ""mPhi"" -> 1.01945073171699, ""GammaRho"" -> 0.14949121522399855, ""GammaOmega"" -> 0.008698855688630162, ""GammaPhi"" -> 0.004234864909139954, ""mKP"" -> 0.4937008538419917, ""mN"" -> 0.9382720881065069, ""g"" -> 0.6879229614486978, ""zNS"" -> 0.8446763947418922, ""zSmBm"" -> 0.6433953762163225, ""PhiPdeg"" -> 40.91991839057979, ""PhiVdeg"" -> 3.3331246698616517|>"
"<|""Run"" -> 92, ""Seed"" -> 12437, ""BestYukawa2Cs2Ms6MB2"" -> 0.0000826060606060606, ""BestLoss"" -> 1.541260545815377, ""CoarseBestY"" -> 0.00008333333333333333, ""Alpha"" -> 0.007297525685947904, ""GammaTotal"" -> 1.3082918224729106*^-6, ""mPi"" -> 0.13497746958233897, ""MEta"" -> 0.5478378664454149, ""mRho"" -> 0.7754427706545914, ""mOmega"" -> 0.7825878062301558, ""mPhi"" -> 1.019445930339434, ""GammaRho"" -> 0.14949597182226484, ""GammaOmega"" -> 0.008739311630084259, ""GammaPhi"" -> 0.004252392171275215, ""mKP"" -> 0.4936273921613325, ""mN"" -> 0.9382720878966998, ""g"" -> 0.7087366437565071, ""zNS"" -> 0.8332228599689129, ""zSmBm"" -> 0.6412845203121056, ""PhiPdeg"" -> 42.546441415152465, ""PhiVdeg"" -> 3.311166149680129|>"
"<|""Run"" -> 93, ""Seed"" -> 12438, ""BestYukawa2Cs2Ms6MB2"" -> 0.00011593939393939393, ""BestLoss"" -> 1.4609697444142955, ""CoarseBestY"" -> 0.00011666666666666665, ""Alpha"" -> 0.00729752568371805, ""GammaTotal"" -> 1.3118378437189182*^-6, ""mPi"" -> 0.13497646862041932, ""MEta"" -> 0.5478328799629212, ""mRho"" -> 0.7751832436387553, ""mOmega"" -> 0.7825253492555583, ""mPhi"" -> 1.01945825852102, ""GammaRho"" -> 0.15003083913729232, ""GammaOmega"" -> 0.00856360940135538, ""GammaPhi"" -> 0.004267918454063526, ""mKP"" -> 0.49366958641212505, ""mN"" -> 0.9382720881840032, ""g"" -> 0.6687872406616883, ""zNS"" -> 0.824744891044579, ""zSmBm"" -> 0.6356705923504754, ""PhiPdeg"" -> 41.98199370822185, ""PhiVdeg"" -> 3.1799507754531815|>"
"<|""Run"" -> 94, ""Seed"" -> 12439, ""BestYukawa2Cs2Ms6MB2"" -> 0.00009896969696969696, ""BestLoss"" -> 1.542647850921898, ""CoarseBestY"" -> 0.00009848484848484848, ""Alpha"" -> 0.007297525658188, ""GammaTotal"" -> 1.3009271954996175*^-6, ""mPi"" -> 0.13497760004477136, ""MEta"" -> 0.5478590374705515, ""mRho"" -> 0.775312669867517, ""mOmega"" -> 0.7828583413358657, ""mPhi"" -> 1.0194484863920574, ""GammaRho"" -> 0.14776073705271975, ""GammaOmega"" -> 0.008835723692158242, ""GammaPhi"" -> 0.004250061845156458, ""mKP"" -> 0.4936881107348639, ""mN"" -> 0.9382720882782488, ""g"" -> 0.6851417952308321, ""zNS"" -> 0.8244073193450334, ""zSmBm"" -> 0.6525131968487943, ""PhiPdeg"" -> 41.17268382380542, ""PhiVdeg"" -> 3.297530189165881|>"
"<|""Run"" -> 95, ""Seed"" -> 12440, ""BestYukawa2Cs2Ms6MB2"" -> 0.00006957575757575758, ""BestLoss"" -> 1.6431009606251998, ""CoarseBestY"" -> 0.0000696969696969697, ""Alpha"" -> 0.00729752566131105, ""GammaTotal"" -> 1.3550788960418719*^-6, ""mPi"" -> 0.13497709172383449, ""MEta"" -> 0.5478706321478544, ""mRho"" -> 0.7753189400501719, ""mOmega"" -> 0.7827944280706581, ""mPhi"" -> 1.0194516519482302, ""GammaRho"" -> 0.14865830799685403, ""GammaOmega"" -> 0.008886006651356844, ""GammaPhi"" -> 0.004265944279180994, ""mKP"" -> 0.49365761430289234, ""mN"" -> 0.9382720886229122, ""g"" -> 0.7113754811744212, ""zNS"" -> 0.8515386376857229, ""zSmBm"" -> 0.6473518806491866, ""PhiPdeg"" -> 41.36416738924376, ""PhiVdeg"" -> 3.235224549938674|>"
"<|""Run"" -> 96, ""Seed"" -> 12441, ""BestYukawa2Cs2Ms6MB2"" -> 0.00007236363636363637, ""BestLoss"" -> 1.6591061449418598, ""CoarseBestY"" -> 0.00007272727272727273, ""Alpha"" -> 0.0072975256511807855, ""GammaTotal"" -> 1.38931121150205*^-6, ""mPi"" -> 0.1349777268238854, ""MEta"" -> 0.5478833594697808, ""mRho"" -> 0.7752961791073444, ""mOmega"" -> 0.7826842150465821, ""mPhi"" -> 1.0194338930678497, ""GammaRho"" -> 0.15028198881445548, ""GammaOmega"" -> 0.008610907094285258, ""GammaPhi"" -> 0.00425347516486476, ""mKP"" -> 0.4936579030757161, ""mN"" -> 0.9382720883834662, ""g"" -> 0.702546095083125, ""zNS"" -> 0.8578985991405733, ""zSmBm"" -> 0.65990011399836, ""PhiPdeg"" -> 40.759655258201796, ""PhiVdeg"" -> 3.388432869484867|>"
"<|""Run"" -> 97, ""Seed"" -> 12442, ""BestYukawa2Cs2Ms6MB2"" -> 0.00010103030303030303, ""BestLoss"" -> 1.5193231645948013, ""CoarseBestY"" -> 0.0001015151515151515, ""Alpha"" -> 0.007297525665471278, ""GammaTotal"" -> 1.2549768712858155*^-6, ""mPi"" -> 0.13497722166364845, ""MEta"" -> 0.5478473051304569, ""mRho"" -> 0.7749290241492889, ""mOmega"" -> 0.7825016699929909, ""mPhi"" -> 1.019440622970346, ""GammaRho"" -> 0.14941002142371976, ""GammaOmega"" -> 0.00881893895680187, ""GammaPhi"" -> 0.004263496572156283, ""mKP"" -> 0.49364867469592566, ""mN"" -> 0.9382720878633205, ""g"" -> 0.6974421749766451, ""zNS"" -> 0.7950779177824372, ""zSmBm"" -> 0.6536442236329998, ""PhiPdeg"" -> 41.62372434963904, ""PhiVdeg"" -> 3.2247227104719354|>"
"<|""Run"" -> 98, ""Seed"" -> 12443, ""BestYukawa2Cs2Ms6MB2"" -> 0.00008460606060606063, ""BestLoss"" -> 1.5676273544849533, ""CoarseBestY"" -> 0.00008484848484848486, ""Alpha"" -> 0.0072975256469983785, ""GammaTotal"" -> 1.2977625493703034*^-6, ""mPi"" -> 0.1349762341509222, ""MEta"" -> 0.5478442179797098, ""mRho"" -> 0.7754527763803155, ""mOmega"" -> 0.7827079197198328, ""mPhi"" -> 1.0194505530604374, ""GammaRho"" -> 0.14968593955208312, ""GammaOmega"" -> 0.008578750412856105, ""GammaPhi"" -> 0.004260116981520233, ""mKP"" -> 0.4936850624671076, ""mN"" -> 0.9382720877586812, ""g"" -> 0.6982454106402576, ""zNS"" -> 0.8423997277110338, ""zSmBm"" -> 0.6538137195962301, ""PhiPdeg"" -> 41.74267110531067, ""PhiVdeg"" -> 3.3351049094711707|>"
"<|""Run"" -> 99, ""Seed"" -> 12444, ""BestYukawa2Cs2Ms6MB2"" -> 0.00008284848484848485, ""BestLoss"" -> 1.578499272803695, ""CoarseBestY"" -> 0.00008333333333333333, ""Alpha"" -> 0.00729752566356674, ""GammaTotal"" -> 1.323539439000561*^-6, ""mPi"" -> 0.1349762354246004, ""MEta"" -> 0.5478607905704705, ""mRho"" -> 0.7748476427964606, ""mOmega"" -> 0.7826742637667152, ""mPhi"" -> 1.0194412788565776, ""GammaRho"" -> 0.14835153036899276, ""GammaOmega"" -> 0.00877577944878854, ""GammaPhi"" -> 0.004248099998242717, ""mKP"" -> 0.4936664017872722, ""mN"" -> 0.9382720876614917, ""g"" -> 0.7055455228216378, ""zNS"" -> 0.8285716168683124, ""zSmBm"" -> 0.670164127528535, ""PhiPdeg"" -> 41.6684406082501, ""PhiVdeg"" -> 3.218263964714453|>"
"<|""Run"" -> 100, ""Seed"" -> 12445, ""BestYukawa2Cs2Ms6MB2"" -> 0.000062, ""BestLoss"" -> 1.6681390249471253, ""CoarseBestY"" -> 0.00006212121212121213, ""Alpha"" -> 0.0072975256714288405, ""GammaTotal"" -> 1.3546163214433954*^-6, ""mPi"" -> 0.13497622587168903, ""MEta"" -> 0.5478702532456954, ""mRho"" -> 0.7755485609634918, ""mOmega"" -> 0.7827407892766624, ""mPhi"" -> 1.01946754845933, ""GammaRho"" -> 0.1497621053181212, ""GammaOmega"" -> 0.008581596638380882, ""GammaPhi"" -> 0.004229900020680049, ""mKP"" -> 0.4936782506450065, ""mN"" -> 0.9382720877884742, ""g"" -> 0.7179810957958614, ""zNS"" -> 0.864029338899877, ""zSmBm"" -> 0.6493710996600316, ""PhiPdeg"" -> 41.55606850101554, ""PhiVdeg"" -> 3.28018366576596|>"
